season,qb_name,dropbacks,epa,epa_per_db,ints,sacks,air_yards,comp,att,yac,int_rate,sack_rate,ay_per_att,yac_per_comp,team,db_x,team_dropbacks,team_sacks,team_sack_rate_allowed,team_yac,team_completions,team_yac_per_comp,db_y,no_huddle_plays,team_no_huddle_rate,next_epa_per_db,seasons_seen
2018,A.Dalton,396,25.488327,0.06436446,11,21,2947.0,226.0,384,1142.0,0.027777777777777776,0.05303030303030303,7.674479166666667,5.0530972,CIN,396,603,37,0.06135986733001658,1648.0,331.0,4.978852,603,20,0.03316749585406302,-0.032146405,1
2019,A.Dalton,570,-18.323452,-0.032146405,14,37,4278.0,314.0,560,1547.0,0.02456140350877193,0.06491228070175438,7.639285714285714,4.9267516,CIN,570,675,48,0.07111111111111111,1753.0,356.0,4.924157,675,29,0.04296296296296296,-0.02319679,2
2020,A.Dalton,372,-8.629206,-0.02319679,8,24,2289.0,216.0,357,1043.0,0.021505376344086023,0.06451612903225806,6.411764705882353,4.828704,DAL,372,708,44,0.062146892655367235,2060.0,413.0,4.9878936,708,126,0.17796610169491525,-0.10346177,3
2021,A.Dalton,268,-27.727755,-0.10346177,9,18,1642.0,149.0,256,752.0,0.033582089552238806,0.06716417910447761,6.4140625,5.04698,CHI,268,659,58,0.08801213960546282,1600.0,332.0,4.8192773,659,80,0.12139605462822459,0.018560724,4
2022,A.Dalton,415,7.7027006,0.018560724,9,25,2981.0,252.0,404,1318.0,0.021686746987951807,0.060240963855421686,7.378712871287129,5.230159,NO,415,564,38,0.0673758865248227,1622.0,338.0,4.7988167,564,59,0.10460992907801418,-0.14934948,5
2024,A.Dalton,174,-25.986809,-0.14934948,6,7,1062.0,106.0,168,459.0,0.034482758620689655,0.040229885057471264,6.321428571428571,4.3301888,CAR,174,628,36,0.05732484076433121,1431.0,341.0,4.1964808,628,57,0.09076433121019108,,6
2018,A.Luck,679,96.19278,0.1416683,15,18,4770.0,430.0,658,1975.0,0.022091310751104567,0.026509572901325478,7.249240121580547,4.5930233,IND,679,684,18,0.02631578947368421,1976.0,432.0,4.5740743,684,91,0.13304093567251463,,1
2023,A.O'Connell,367,-22.13713,-0.06031916,7,24,2561.0,213.0,367,1058.0,0.01907356948228883,0.0653950953678474,6.978201634877384,4.9671364,LV,367,606,40,0.066006600660066,1606.0,348.0,4.6149426,606,46,0.07590759075907591,0.019702462,1
2024,A.O'Connell,257,5.063533,0.019702462,4,10,1921.0,154.0,254,731.0,0.01556420233463035,0.038910505836575876,7.562992125984252,4.746753,LV,257,703,50,0.07112375533428165,2061.0,410.0,5.0268292,703,94,0.1337126600284495,,2
2024,A.Richardson,298,-34.954926,-0.11729841,12,14,3224.0,126.0,277,776.0,0.040268456375838924,0.04697986577181208,11.63898916967509,6.15873,IND,298,569,32,0.056239015817223195,1457.0,289.0,5.0415225,569,67,0.11775043936731107,,1
2018,A.Rodgers,680,76.73986,0.11285274,2,49,5241.0,372.0,647,2134.0,0.0029411764705882353,0.07205882352941176,8.10046367851623,5.736559,GB,680,730,53,0.07260273972602739,2197.0,392.0,5.604592,730,84,0.11506849315068493,0.09774468,1
2019,A.Rodgers,632,61.77464,0.09774468,4,36,5006.0,353.0,606,2020.0,0.006329113924050633,0.056962025316455694,8.26072607260726,5.7223797,GB,632,636,36,0.05660377358490566,2034.0,356.0,5.7134833,636,27,0.04245283018867924,0.34095463,2
2020,A.Rodgers,567,193.32127,0.34095463,5,20,4135.0,372.0,543,2248.0,0.008818342151675485,0.03527336860670194,7.615101289134438,6.0430107,GB,567,568,21,0.03697183098591549,2248.0,372.0,6.0430107,568,21,0.03697183098591549,0.3136429,3
2021,A.Rodgers,295,92.52465,0.3136429,1,13,1977.0,193.0,287,1196.0,0.003389830508474576,0.04406779661016949,6.888501742160279,6.1968913,GB,295,647,33,0.05100463678516229,2410.0,402.0,5.9950247,647,31,0.04791344667697063,-0.0062527736,4
2022,A.Rodgers,588,-3.6766307,-0.0062527736,12,32,4327.0,350.0,575,1899.0,0.02040816326530612,0.05442176870748299,7.525217391304348,5.4257145,GB,588,608,32,0.05263157894736842,2016.0,364.0,5.5384617,608,45,0.07401315789473684,0.0069039003,5
2024,A.Rodgers,643,4.439208,0.0069039003,11,40,4014.0,368.0,627,2122.0,0.017107309486780714,0.06220839813374806,6.401913875598086,5.7663045,NYJ,643,671,40,0.05961251862891207,2190.0,385.0,5.6883116,671,69,0.10283159463487332,0.03182916,6
2025,A.Rodgers,539,17.155916,0.03182916,7,29,3010.0,327.0,527,2119.0,0.012987012987012988,0.05380333951762523,5.71157495256167,6.480122,PIT,539,594,31,0.05218855218855219,2373.0,365.0,6.50137,594,83,0.13973063973063973,,7
2018,A.Smith,370,-8.620848,-0.023299588,5,22,2650.0,205.0,349,975.0,0.013513513513513514,0.05945945945945946,7.593123209169055,4.756098,WAS,370,594,44,0.07407407407407407,1511.0,311.0,4.858521,594,45,0.07575757575757576,-0.13708828,1
2020,A.Smith,277,-37.973454,-0.13708828,8,22,1286.0,168.0,274,949.0,0.02888086642599278,0.07942238267148015,4.693430656934306,5.6488094,WAS,277,671,50,0.07451564828614009,2187.0,389.0,5.622108,671,61,0.09090909090909091,,2
2021,Aa.Rodgers,281,47.639412,0.16953528,3,17,2107.0,173.0,272,981.0,0.010676156583629894,0.060498220640569395,7.7463235294117645,5.6705203,GB,281,647,33,0.05100463678516229,2410.0,402.0,5.9950247,647,31,0.04791344667697063,,1
2020,B.Allen,154,-16.366657,-0.106277,4,7,940.0,90.0,149,557.0,0.025974025974025976,0.045454545454545456,6.308724832214765,6.188889,CIN,154,649,48,0.07395993836671803,1792.0,372.0,4.8172045,649,19,0.029275808936825885,,1
2018,B.Bortles,475,-35.429855,-0.07458917,11,31,2889.0,243.0,436,1472.0,0.023157894736842106,0.06526315789473684,6.626146788990826,6.0576134,JAX,475,645,53,0.08217054263565891,1825.0,329.0,5.5471125,645,38,0.05891472868217054,,1
2025,B.Cook,180,-69.779434,-0.3876635,7,19,867.0,88.0,173,417.0,0.03888888888888889,0.10555555555555556,5.011560693641618,4.7386365,NYJ,180,613,60,0.09787928221859707,1323.0,298.0,4.439597,613,65,0.10603588907014681,,1
2018,B.Mayfield,532,29.804003,0.056022562,14,25,4515.0,310.0,515,1698.0,0.02631578947368421,0.046992481203007516,8.766990291262136,5.4774194,CLE,532,643,38,0.05909797822706065,1913.0,353.0,5.4192634,643,35,0.05443234836702955,-0.011350501,1
2019,B.Mayfield,591,-6.708146,-0.011350501,21,40,4516.0,317.0,574,1820.0,0.03553299492385787,0.0676818950930626,7.867595818815331,5.741325,CLE,591,597,41,0.06867671691792294,1825.0,318.0,5.7389936,597,37,0.06197654941373534,0.16940716,2
2020,B.Mayfield,533,90.294014,0.16940716,8,26,4135.0,305.0,508,1361.0,0.0150093808630394,0.04878048780487805,8.13976377952756,4.462295,CLE,533,548,26,0.04744525547445255,1406.0,315.0,4.463492,548,29,0.05291970802919708,-0.016615497,3
2021,B.Mayfield,487,-8.091747,-0.016615497,13,43,3659.0,253.0,462,1370.0,0.026694045174537988,0.08829568788501027,7.91991341991342,5.41502,CLE,487,600,49,0.08166666666666667,1747.0,320.0,5.459375,600,58,0.09666666666666666,-0.14124799,4
2022,B.Mayfield,386,-54.521725,-0.14124799,8,36,2276.0,201.0,371,1131.0,0.02072538860103627,0.09326424870466321,6.1347708894878705,5.626866,CAR,234,510,36,0.07058823529411765,1714.0,267.0,6.4194756,510,64,0.12549019607843137,0.0728227,5
2023,B.Mayfield,639,46.533703,0.0728227,10,40,4844.0,364.0,609,1927.0,0.01564945226917058,0.06259780907668232,7.954022988505747,5.2939563,TB,639,641,40,0.062402496099843996,1927.0,364.0,5.2939563,641,68,0.1060842433697348,0.19428301,6
2024,B.Mayfield,654,127.06109,0.19428301,16,40,3971.0,407.0,612,2430.0,0.024464831804281346,0.06116207951070336,6.488562091503268,5.970516,TB,654,655,40,0.061068702290076333,2438.0,408.0,5.97549,655,51,0.07786259541984733,0.059431825,7
2025,B.Mayfield,626,37.204323,0.059431825,11,36,4406.0,343.0,584,1923.0,0.01757188498402556,0.05750798722044728,7.544520547945205,5.606414,TB,626,644,38,0.059006211180124224,1975.0,351.0,5.6267805,644,39,0.06055900621118013,,8
2024,B.Nix,641,38.01007,0.059298083,12,24,4116.0,376.0,591,2070.0,0.0187207488299532,0.0374414976599064,6.964467005076142,5.505319,DEN,641,645,24,0.037209302325581395,2089.0,379.0,5.5118732,645,108,0.16744186046511628,0.1177451,1
2025,B.Nix,674,79.3602,0.1177451,11,22,4487.0,388.0,638,2093.0,0.016320474777448073,0.032640949554896145,7.032915360501567,5.39433,DEN,674,676,23,0.034023668639053255,2093.0,388.0,5.39433,676,110,0.16272189349112426,,2
2018,B.Osweiler,199,-7.4777093,-0.03757643,4,17,1424.0,113.0,195,669.0,0.020100502512562814,0.08542713567839195,7.302564102564102,5.920354,MIA,199,517,52,0.10058027079303675,1722.0,292.0,5.89726,517,83,0.16054158607350097,,1
2022,B.Purdy,187,36.909966,0.1973795,4,11,1117.0,114.0,181,706.0,0.0213903743315508,0.058823529411764705,6.171270718232044,6.1929827,SF,187,556,31,0.05575539568345324,2236.0,338.0,6.6153846,556,23,0.04136690647482014,0.31149837,1
2023,B.Purdy,486,151.38821,0.31149837,11,28,3637.0,308.0,469,2034.0,0.02263374485596708,0.05761316872427984,7.754797441364605,6.603896,SF,486,541,34,0.06284658040665435,2189.0,336.0,6.514881,541,16,0.029574861367837338,0.18404524,2
2024,B.Purdy,526,96.8078,0.18404524,12,31,3905.0,300.0,482,1622.0,0.022813688212927757,0.058935361216730035,8.101659751037344,5.4066668,SF,526,612,36,0.058823529411764705,1839.0,349.0,5.269341,612,29,0.04738562091503268,0.2018004,3
2025,B.Purdy,316,63.76893,0.2018004,10,11,2158.0,197.0,298,829.0,0.03164556962025317,0.03481012658227848,7.241610738255034,4.208122,SF,316,629,27,0.04292527821939587,1786.0,398.0,4.4874372,629,28,0.04451510333863275,,4
2018,B.Roethlisberger,713,135.58229,0.19015749,16,24,5254.0,452.0,701,2758.0,0.02244039270687237,0.033660589060308554,7.4950071326676175,6.10177,PIT,713,729,24,0.03292181069958848,2777.0,459.0,6.050109,729,135,0.18518518518518517,0.07373048,1
2020,B.Roethlisberger,628,46.302746,0.07373048,10,13,4225.0,399.0,625,1942.0,0.01592356687898089,0.020700636942675158,6.76,4.867168,PIT,628,679,14,0.020618556701030927,2057.0,428.0,4.8060746,679,79,0.11634756995581738,-0.06933047,2
2021,B.Roethlisberger,649,-44.995472,-0.06933047,10,38,4069.0,390.0,646,1920.0,0.015408320493066256,0.05855161787365177,6.298761609907121,4.923077,PIT,649,710,38,0.05352112676056338,2042.0,425.0,4.804706,710,107,0.15070422535211267,,3
2023,B.Young,620,-141.45792,-0.22815792,10,62,4009.0,315.0,589,1300.0,0.016129032258064516,0.1,6.806451612903226,4.126984,CAR,620,683,65,0.0951683748169839,1439.0,350.0,4.1114287,683,77,0.11273792093704246,-0.027281808,1
2024,B.Young,451,-12.304095,-0.027281808,9,29,3358.0,234.0,414,969.0,0.019955654101995565,0.06430155210643015,8.11111111111111,4.1410255,CAR,451,628,36,0.05732484076433121,1431.0,341.0,4.1964808,628,57,0.09076433121019108,-0.011933797,2
2025,B.Young,539,-6.432317,-0.011933797,11,27,3101.0,304.0,506,1539.0,0.02040816326530612,0.05009276437847866,6.128458498023716,5.0625,CAR,539,585,35,0.05982905982905983,1629.0,329.0,4.951368,585,41,0.07008547008547009,,3
2023,B.Zappe,246,-80.29738,-0.3264121,9,25,1684.0,127.0,236,637.0,0.036585365853658534,0.1016260162601626,7.135593220338983,5.015748,NE,246,627,48,0.07655502392344497,1845.0,351.0,5.25641,627,72,0.11483253588516747,,1
2018,C.Beathard,200,-28.40181,-0.14200905,7,18,1115.0,102.0,189,728.0,0.035,0.09,5.8994708994708995,7.1372547,SF,200,597,48,0.08040201005025126,2316.0,331.0,6.9969788,597,46,0.07705192629815745,,1
2018,C.Keenum,632,-18.895447,-0.02989786,15,34,4369.0,365.0,620,1793.0,0.023734177215189875,0.05379746835443038,7.046774193548387,4.9123287,DEN,632,634,34,0.05362776025236593,1806.0,367.0,4.920981,634,84,0.13249211356466878,-0.030177921,1
2019,C.Keenum,265,-7.997149,-0.030177921,5,15,1701.0,160.0,262,800.0,0.018867924528301886,0.05660377358490566,6.49236641221374,5.0,WAS,265,548,50,0.09124087591240876,1454.0,298.0,4.8791947,548,41,0.07481751824817519,,2
2018,C.Kessler,168,-30.170282,-0.17958501,2,22,880.0,85.0,153,345.0,0.011904761904761904,0.13095238095238096,5.751633986928105,4.0588236,JAX,168,645,53,0.08217054263565891,1825.0,329.0,5.5471125,645,38,0.05891472868217054,,1
2022,C.McCoy,153,-36.05589,-0.2356594,3,13,801.0,90.0,145,368.0,0.0196078431372549,0.08496732026143791,5.524137931034483,4.088889,ARI,153,753,46,0.06108897742363878,2058.0,433.0,4.752887,753,265,0.351925630810093,,1
2018,C.Newton,527,36.477425,0.06921712,13,29,3380.0,320.0,501,1743.0,0.024667931688804556,0.05502846299810247,6.746506986027944,5.446875,CAR,527,626,32,0.051118210862619806,2053.0,378.0,5.4312167,626,65,0.10383386581469649,-0.027901033,1
2020,C.Newton,418,-11.662632,-0.027901033,10,31,2496.0,242.0,398,1258.0,0.023923444976076555,0.07416267942583732,6.271356783919598,5.198347,NE,418,499,37,0.07414829659318638,1534.0,283.0,5.4204946,499,83,0.16633266533066132,,2
2022,C.Rush,170,-15.927447,-0.093690865,3,7,1247.0,94.0,168,455.0,0.01764705882352941,0.041176470588235294,7.4226190476190474,4.8404255,DAL,170,600,27,0.045,1667.0,355.0,4.6957746,600,100,0.16666666666666666,-0.10414739,1
2024,C.Rush,325,-33.8479,-0.10414739,5,13,2137.0,187.0,321,942.0,0.015384615384615385,0.04,6.657320872274143,5.037433,DAL,325,687,38,0.055312954876273655,2030.0,398.0,5.1005025,687,71,0.10334788937409024,,2
2023,C.Stroud,557,60.25432,0.108176515,5,38,4484.0,319.0,534,1762.0,0.008976660682226212,0.06822262118491922,8.397003745318353,5.523511,HOU,557,660,47,0.07121212121212121,1982.0,372.0,5.327957,660,72,0.10909090909090909,-0.007046945,1
2024,C.Stroud,620,-4.369106,-0.007046945,12,52,4424.0,336.0,583,1664.0,0.01935483870967742,0.08387096774193549,7.588336192109777,4.952381,HOU,620,662,54,0.08157099697885196,1753.0,357.0,4.910364,662,47,0.07099697885196375,0.1115211,2
2025,C.Stroud,471,52.52644,0.1115211,8,23,3405.0,273.0,446,1365.0,0.016985138004246284,0.04883227176220807,7.634529147982063,5.0,HOU,471,648,31,0.047839506172839504,1634.0,364.0,4.489011,648,35,0.05401234567901234,,3
2025,C.Ward,615,-102.7996,-0.16715382,7,55,3907.0,323.0,592,1547.0,0.011382113821138212,0.08943089430894309,6.599662162162162,4.7894735,TEN,615,646,56,0.08668730650154799,1627.0,340.0,4.785294,646,84,0.13003095975232198,,1
2018,C.Wentz,447,40.42935,0.09044598,7,31,3120.0,279.0,431,1392.0,0.015659955257270694,0.06935123042505593,7.238979118329467,4.9892473,PHI,447,655,40,0.061068702290076333,2151.0,422.0,5.0971565,655,44,0.06717557251908397,0.037497655,1
2019,C.Wentz,673,25.235922,0.037497655,7,37,4889.0,388.0,645,1805.0,0.010401188707280832,0.0549777117384844,7.57984496124031,4.652062,PHI,673,679,37,0.054491899852724596,1820.0,391.0,4.6547313,679,82,0.12076583210603829,-0.13026316,2
2020,C.Wentz,514,-66.95527,-0.13026316,15,50,3870.0,251.0,492,996.0,0.029182879377431907,0.09727626459143969,7.865853658536586,3.9681275,PHI,514,717,65,0.09065550906555091,1482.0,334.0,4.4371257,717,110,0.15341701534170155,0.0236761,3
2021,C.Wentz,578,13.684786,0.0236761,7,32,3937.0,322.0,552,1650.0,0.012110726643598616,0.05536332179930796,7.132246376811594,5.1242237,IND,578,583,32,0.0548885077186964,1647.0,324.0,5.0833335,583,37,0.0634648370497427,-0.10921712,4
2022,C.Wentz,321,-35.058697,-0.10921712,9,26,2147.0,172.0,309,826.0,0.028037383177570093,0.08099688473520249,6.948220064724919,4.8023257,WAS,321,635,48,0.07559055118110236,1673.0,344.0,4.8633723,635,71,0.11181102362204724,0.042718034,5
2025,C.Wentz,197,8.415453,0.042718034,5,19,1288.0,110.0,188,573.0,0.025380710659898477,0.09644670050761421,6.851063829787234,5.2090907,MIN,197,575,60,0.10434782608695652,1531.0,298.0,5.1375837,575,60,0.10434782608695652,,6
2024,C.Williams,686,-33.91836,-0.049443677,6,68,4486.0,351.0,636,1866.0,0.008746355685131196,0.09912536443148688,7.053459119496855,5.3162394,CHI,686,690,68,0.09855072463768116,1876.0,353.0,5.3144474,690,171,0.24782608695652175,0.10796475,1
2025,C.Williams,637,68.773544,0.10796475,7,24,4900.0,330.0,594,1811.0,0.01098901098901099,0.03767660910518053,8.24915824915825,5.487879,CHI,637,644,24,0.037267080745341616,1850.0,334.0,5.5389223,644,42,0.06521739130434782,,2
2019,D.Blough,194,-46.248314,-0.23839337,6,14,1484.0,94.0,188,329.0,0.030927835051546393,0.07216494845360824,7.8936170212765955,3.5,DET,194,639,43,0.06729264475743349,1514.0,344.0,4.4011626,639,59,0.09233176838810642,,1
2018,D.Brees,512,143.75096,0.2807636,5,17,3502.0,364.0,508,1827.0,0.009765625,0.033203125,6.893700787401575,5.019231,NO,512,550,20,0.03636363636363636,1898.0,381.0,4.9816275,550,14,0.025454545454545455,0.24088845,1
2019,D.Brees,386,92.98294,0.24088845,4,12,2425.0,281.0,386,1495.0,0.010362694300518135,0.031088082901554404,6.282383419689119,5.320285,NO,386,616,25,0.040584415584415584,2257.0,418.0,5.3995214,616,23,0.037337662337662336,0.15154786,2
2020,D.Brees,404,61.225334,0.15154786,6,13,2361.0,275.0,402,1478.0,0.01485148514851485,0.03217821782178218,5.873134328358209,5.3745456,NO,404,570,29,0.05087719298245614,1911.0,370.0,5.164865,570,30,0.05263157894736842,,3
2018,D.Carr,606,-0.6884638,-0.0011360788,10,51,3778.0,381.0,598,1994.0,0.0165016501650165,0.08415841584158416,6.317725752508361,5.233596,LV,606,610,52,0.08524590163934426,1995.0,382.0,5.222513,610,59,0.09672131147540984,0.15151773,1
2019,D.Carr,555,84.09235,0.15151773,8,29,3356.0,361.0,541,2126.0,0.014414414414414415,0.05225225225225225,6.203327171903882,5.889197,LV,555,565,29,0.05132743362831858,2144.0,367.0,5.841962,565,65,0.11504424778761062,0.09342552,2
2020,D.Carr,563,52.598568,0.09342552,9,26,4183.0,348.0,540,1956.0,0.015985790408525755,0.046181172291296625,7.746296296296296,5.62069,LV,563,603,28,0.04643449419568822,2056.0,369.0,5.5718155,603,65,0.1077943615257048,0.03974845,3
2021,D.Carr,683,27.14819,0.03974845,14,40,5084.0,428.0,666,2283.0,0.020497803806734993,0.05856515373352855,7.633633633633633,5.334112,LV,683,686,40,0.05830903790087463,2291.0,429.0,5.3403263,686,60,0.08746355685131195,0.03059776,4
2022,D.Carr,546,16.706377,0.03059776,14,27,4602.0,305.0,532,1509.0,0.02564102564102564,0.04945054945054945,8.650375939849624,4.9475408,LV,546,649,35,0.053929121725731895,1780.0,359.0,4.958217,649,32,0.04930662557781202,0.05105284,5
2023,D.Carr,590,30.121174,0.05105284,8,31,4280.0,375.0,581,1696.0,0.013559322033898305,0.05254237288135593,7.366609294320138,4.5226665,NO,590,655,35,0.05343511450381679,1799.0,406.0,4.4310346,655,84,0.1282442748091603,0.13748172,6
2024,D.Carr,298,40.96955,0.13748172,5,8,2178.0,189.0,290,1087.0,0.016778523489932886,0.026845637583892617,7.510344827586207,5.7513227,NO,298,618,37,0.059870550161812294,1836.0,340.0,5.4,618,69,0.11165048543689321,,7
2025,D.Gabriel,215,-40.98071,-0.19060795,2,19,1078.0,110.0,204,500.0,0.009302325581395349,0.08837209302325581,5.284313725490196,4.5454545,CLE,215,641,51,0.07956318252730109,1711.0,323.0,5.2972136,641,69,0.10764430577223089,,1
2019,D.Haskins,246,-45.89486,-0.18656448,7,29,1751.0,119.0,234,615.0,0.028455284552845527,0.11788617886178862,7.482905982905983,5.1680675,WAS,246,548,50,0.09124087591240876,1454.0,298.0,4.8791947,548,41,0.07481751824817519,-0.15128724,1
2020,D.Haskins,269,-40.69627,-0.15128724,7,20,1622.0,148.0,262,865.0,0.026022304832713755,0.07434944237918216,6.190839694656488,5.8445945,WAS,269,671,50,0.07451564828614009,2187.0,389.0,5.622108,671,61,0.09090909090909091,,2
2019,D.Hodges,183,-24.72081,-0.13508639,8,15,1175.0,100.0,175,574.0,0.04371584699453552,0.08196721311475409,6.714285714285714,5.74,PIT,183,562,32,0.05693950177935943,1747.0,315.0,5.546032,562,27,0.04804270462633452,,1
2019,D.Jones,527,-26.305014,-0.049914636,12,38,3689.0,284.0,500,1390.0,0.022770398481973434,0.07210626185958255,7.378,4.8943663,NYG,527,682,43,0.06304985337243402,1807.0,376.0,4.805851,682,80,0.11730205278592376,-0.047661208,1
2020,D.Jones,516,-24.593184,-0.047661208,10,45,3397.0,280.0,494,1114.0,0.01937984496124031,0.0872093023255814,6.876518218623482,3.9785714,NYG,516,595,50,0.08403361344537816,1264.0,321.0,3.9376948,595,184,0.3092436974789916,-0.02912865,2
2021,D.Jones,406,-11.826232,-0.02912865,7,22,2640.0,232.0,383,1098.0,0.017241379310344827,0.054187192118226604,6.892950391644908,4.7327585,NYG,406,662,38,0.05740181268882175,1621.0,351.0,4.6182337,662,208,0.31419939577039274,0.06076448,3
2022,D.Jones,568,34.514225,0.06076448,5,44,3032.0,317.0,514,1596.0,0.008802816901408451,0.07746478873239436,5.898832684824903,5.0347004,NYG,568,630,49,0.07777777777777778,1698.0,346.0,4.9075146,630,99,0.15714285714285714,-0.24884245,4
2023,D.Jones,211,-52.505756,-0.24884245,6,30,1096.0,108.0,191,440.0,0.02843601895734597,0.14218009478672985,5.738219895287958,4.0740743,NYG,211,668,85,0.12724550898203593,1601.0,338.0,4.736686,668,108,0.16167664670658682,-0.084655516,5
2024,D.Jones,386,-32.67703,-0.084655516,7,29,2509.0,216.0,371,944.0,0.018134715025906734,0.07512953367875648,6.762803234501348,4.3703704,NYG,386,669,48,0.07174887892376682,1737.0,366.0,4.7459016,669,108,0.16143497757847533,0.15103118,6
2025,D.Jones,431,65.09444,0.15103118,8,22,3074.0,261.0,409,1344.0,0.018561484918793503,0.05104408352668213,7.515892420537897,5.1494255,IND,431,605,29,0.047933884297520664,1807.0,360.0,5.0194445,605,35,0.05785123966942149,,7
2019,D.Lock,172,15.57774,0.09056825,3,5,1065.0,100.0,161,550.0,0.01744186046511628,0.029069767441860465,6.614906832298137,5.5,DEN,172,566,41,0.07243816254416961,1701.0,312.0,5.451923,566,40,0.0706713780918728,-0.08814104,1
2020,D.Lock,485,-42.748405,-0.08814104,15,19,3910.0,254.0,464,1394.0,0.030927835051546393,0.03917525773195876,8.426724137931034,5.4881887,DEN,485,616,32,0.05194805194805195,1623.0,317.0,5.119874,616,45,0.07305194805194805,-0.11882844,2
2024,D.Lock,203,-24.122173,-0.11882844,5,12,1107.0,107.0,193,611.0,0.024630541871921183,0.059113300492610835,5.7357512953367875,5.7102804,NYG,203,669,48,0.07174887892376682,1737.0,366.0,4.7459016,669,108,0.16143497757847533,,3
2024,D.Maye,419,2.3869526,0.0056967842,10,34,2473.0,225.0,374,1191.0,0.02386634844868735,0.081145584725537,6.612299465240642,5.2933335,NE,419,639,52,0.081377151799687,1696.0,342.0,4.9590645,639,64,0.10015649452269171,0.31648362,1
2025,D.Maye,601,190.20665,0.31648362,8,47,4493.0,354.0,539,1746.0,0.013311148086522463,0.07820299500831947,8.335807050092765,4.9322033,NE,601,613,48,0.07830342577487764,1794.0,361.0,4.969529,613,21,0.03425774877650897,,2
2021,D.Mills,434,-54.960285,-0.1266366,10,31,2869.0,263.0,424,1232.0,0.02304147465437788,0.07142857142857142,6.7665094339622645,4.6844106,HOU,434,613,44,0.07177814029363784,1723.0,354.0,4.867232,613,59,0.09624796084828711,-0.13298802,1
2022,D.Mills,528,-70.217674,-0.13298802,15,31,3734.0,292.0,511,1524.0,0.028409090909090908,0.058712121212121215,7.307240704500979,5.219178,HOU,528,641,38,0.059282371294851796,1842.0,352.0,5.2329545,641,76,0.11856474258970359,-0.074425295,2
2025,D.Mills,176,-13.098852,-0.074425295,1,8,1360.0,91.0,169,269.0,0.005681818181818182,0.045454545454545456,8.04733727810651,2.956044,HOU,176,648,31,0.047839506172839504,1634.0,364.0,4.489011,648,35,0.05401234567901234,,3
2018,D.Prescott,611,29.912449,0.048956543,8,56,3973.0,356.0,582,1892.0,0.01309328968903437,0.09165302782324058,6.826460481099656,5.3146067,DAL,611,612,56,0.0915032679738562,1892.0,356.0,5.3146067,612,72,0.11764705882352941,0.19740164,1
2019,D.Prescott,640,126.33705,0.19740164,11,23,5613.0,388.0,620,1880.0,0.0171875,0.0359375,9.053225806451612,4.8453608,DAL,640,641,23,0.0358814352574103,1880.0,388.0,4.8453608,641,91,0.1419656786271451,0.121347584,2
2020,D.Prescott,241,29.244768,0.121347584,4,10,1762.0,151.0,233,810.0,0.016597510373443983,0.04149377593360996,7.562231759656652,5.3642383,DAL,241,708,44,0.062146892655367235,2060.0,413.0,4.9878936,708,126,0.17796610169491525,0.17229256,3
2021,D.Prescott,651,112.16245,0.17229256,10,30,4629.0,410.0,631,2014.0,0.015360983102918587,0.04608294930875576,7.335974643423138,4.912195,DAL,651,706,33,0.046742209631728045,2250.0,444.0,5.0675673,706,113,0.16005665722379603,0.07931487,4
2022,D.Prescott,429,34.02608,0.07931487,15,20,3223.0,261.0,414,1212.0,0.03496503496503497,0.046620046620046623,7.785024154589372,4.643678,DAL,429,600,27,0.045,1667.0,355.0,4.6957746,600,100,0.16666666666666666,0.20698561,5
2023,D.Prescott,658,136.19653,0.20698561,9,39,4579.0,410.0,631,1963.0,0.013677811550151976,0.05927051671732523,7.256735340729001,4.787805,DAL,658,684,40,0.05847953216374269,2043.0,428.0,4.7733645,684,44,0.06432748538011696,-0.054609317,6
2024,D.Prescott,313,-17.092716,-0.054609317,8,21,2269.0,185.0,307,939.0,0.025559105431309903,0.0670926517571885,7.390879478827362,5.0756755,DAL,313,687,38,0.055312954876273655,2030.0,398.0,5.1005025,687,71,0.10334788937409024,0.1720386,7
2025,D.Prescott,656,112.85732,0.1720386,10,31,4812.0,404.0,630,2021.0,0.01524390243902439,0.04725609756097561,7.6380952380952385,5.0024753,DAL,656,683,31,0.04538799414348463,2099.0,419.0,5.0095468,683,79,0.11566617862371889,,8
2023,D.Ridder,439,-29.209272,-0.06653593,12,31,3183.0,249.0,420,1222.0,0.02733485193621868,0.07061503416856492,7.578571428571428,4.9076304,ATL,439,602,40,0.0664451827242525,1769.0,327.0,5.4097857,602,115,0.19102990033222592,,1
2018,D.Watson,620,69.26808,0.111722715,9,62,4319.0,345.0,562,1753.0,0.014516129032258065,0.1,7.685053380782918,5.0811596,HOU,620,621,62,0.0998389694041868,1753.0,345.0,5.0811596,621,38,0.061191626409017714,0.15258642,1
2019,D.Watson,581,88.65271,0.15258642,12,44,4420.0,333.0,538,1672.0,0.020654044750430294,0.0757314974182444,8.215613382899628,5.021021,HOU,581,630,49,0.07777777777777778,1808.0,355.0,5.092958,630,18,0.02857142857142857,0.21538043,2
2020,D.Watson,657,141.50494,0.21538043,7,49,4842.0,382.0,595,1949.0,0.0106544901065449,0.0745814307458143,8.13781512605042,5.102094,HOU,657,660,50,0.07575757575757576,1951.0,383.0,5.0939946,660,80,0.12121212121212122,-0.10266553,3
2022,D.Watson,200,-20.533106,-0.10266553,5,20,1215.0,99.0,188,530.0,0.025,0.1,6.462765957446808,5.353535,CLE,200,615,44,0.07154471544715447,1593.0,335.0,4.7552238,615,81,0.13170731707317074,-0.09589737,4
2023,D.Watson,204,-19.563063,-0.09589737,4,17,1593.0,105.0,187,499.0,0.0196078431372549,0.08333333333333333,8.518716577540108,4.752381,CLE,204,696,45,0.06465517241379311,1853.0,355.0,5.2197185,696,48,0.06896551724137931,-0.20652537,5
2024,D.Watson,271,-55.968376,-0.20652537,3,33,1569.0,137.0,250,594.0,0.01107011070110701,0.12177121771217712,6.276,4.3357663,CLE,271,770,66,0.08571428571428572,1711.0,395.0,4.3316455,770,139,0.18051948051948052,,6
2018,E.Manning,631,22.877588,0.036256082,11,47,4229.0,380.0,627,2162.0,0.017432646592709985,0.07448494453248812,6.74481658692185,5.6894736,NYG,631,638,47,0.07366771159874608,2200.0,382.0,5.7591624,638,64,0.10031347962382445,-0.04374758,1
2019,E.Manning,153,-6.69338,-0.04374758,5,5,1199.0,91.0,152,417.0,0.032679738562091505,0.032679738562091505,7.8881578947368425,4.5824175,NYG,153,682,43,0.06304985337243402,1807.0,376.0,4.805851,682,80,0.11730205278592376,,2
2023,E.Stick,196,-25.622814,-0.13072865,1,14,1204.0,111.0,187,578.0,0.00510204081632653,0.07142857142857142,6.438502673796791,5.207207,LAC,196,715,43,0.06013986013986014,2160.0,409.0,5.2811737,715,125,0.17482517482517482,,1
2019,G.Minshew,225,-1.1787066,-0.005238696,2,14,1588.0,124.0,209,661.0,0.008888888888888889,0.06222222222222222,7.598086124401914,5.330645,JAX,225,690,42,0.06086956521739131,1892.0,364.0,5.197802,690,55,0.07971014492753623,-0.0010819974,1
2023,G.Minshew,548,-0.5929346,-0.0010819974,9,34,3579.0,305.0,527,1566.0,0.016423357664233577,0.06204379562043796,6.791271347248577,5.134426,IND,548,648,41,0.06327160493827161,1863.0,355.0,5.247887,648,95,0.14660493827160495,-0.12015997,2
2024,G.Minshew,344,-41.33503,-0.12015997,10,29,1848.0,203.0,333,1099.0,0.029069767441860465,0.08430232558139535,5.54954954954955,5.413793,LV,344,703,50,0.07112375533428165,2061.0,410.0,5.0268292,703,94,0.1337126600284495,,3
2019,G.Minshew II,332,-3.480579,-0.010483671,4,19,1884.0,161.0,298,869.0,0.012048192771084338,0.0572289156626506,6.322147651006712,5.3975153,JAX,332,690,42,0.06086956521739131,1892.0,364.0,5.197802,690,55,0.07971014492753623,0.060449824,1
2020,G.Minshew II,254,15.354256,0.060449824,2,17,1763.0,137.0,240,661.0,0.007874015748031496,0.06692913385826772,7.345833333333333,4.8248177,JAX,254,694,44,0.06340057636887608,1696.0,387.0,4.382429,694,56,0.08069164265129683,,2
2022,G.Smith,652,25.11989,0.03852744,11,46,4311.0,399.0,619,1780.0,0.01687116564417178,0.0705521472392638,6.964458804523425,4.461153,SEA,652,653,46,0.07044410413476264,1780.0,399.0,4.461153,653,127,0.19448698315467075,0.07723233,1
2023,G.Smith,548,42.32332,0.07723233,9,31,3500.0,323.0,528,1714.0,0.016423357664233577,0.05656934306569343,6.628787878787879,5.3065014,SEA,548,635,38,0.05984251968503937,2019.0,371.0,5.4420485,635,95,0.14960629921259844,0.032246504,2
2024,G.Smith,653,21.056967,0.032246504,15,50,3998.0,407.0,629,2133.0,0.022970903522205207,0.07656967840735068,6.356120826709062,5.240786,SEA,653,673,54,0.08023774145616643,2140.0,413.0,5.181598,673,159,0.2362555720653789,-0.12966287,3
2025,G.Smith,521,-67.55436,-0.12966287,17,55,2763.0,302.0,503,1713.0,0.03262955854126679,0.10556621880998081,5.493041749502982,5.6721854,LV,521,600,64,0.10666666666666667,1806.0,340.0,5.3117647,600,70,0.11666666666666667,,4
2018,J.Allen,395,-8.90009,-0.022531874,12,28,3509.0,168.0,348,913.0,0.030379746835443037,0.07088607594936709,10.083333333333334,5.4345236,BUF,395,597,41,0.06867671691792294,1354.0,270.0,5.014815,597,64,0.10720268006700168,-0.03586118,1
2019,J.Allen,440,-15.778919,-0.03586118,9,35,3380.0,214.0,401,1058.0,0.020454545454545454,0.07954545454545454,8.428927680798004,4.9439254,BUF,440,595,40,0.06722689075630252,1503.0,299.0,5.026756,595,103,0.173109243697479,0.28654373,2
2020,J.Allen,628,179.94946,0.28654373,10,26,4857.0,396.0,599,1871.0,0.01592356687898089,0.041401273885350316,8.108514190317194,4.7247477,BUF,628,653,27,0.04134762633996937,1946.0,410.0,4.746341,653,54,0.08269525267993874,0.15192443,3
2021,J.Allen,675,102.54899,0.15192443,15,26,4889.0,377.0,631,1609.0,0.022222222222222223,0.03851851851851852,7.748019017432647,4.2679043,BUF,675,733,27,0.036834924965893585,1752.0,415.0,4.221687,733,98,0.13369713506139155,0.21747623,4
2022,J.Allen,651,141.57703,0.21747623,14,33,5229.0,359.0,600,1588.0,0.021505376344086023,0.05069124423963134,8.715,4.4233985,BUF,651,658,33,0.05015197568389058,1593.0,361.0,4.4127426,658,75,0.11398176291793313,0.16673814,5
2023,J.Allen,652,108.713264,0.16673814,18,24,5021.0,385.0,604,1973.0,0.027607361963190184,0.03680981595092025,8.312913907284768,5.1246753,BUF,652,652,24,0.03680981595092025,1973.0,385.0,5.1246753,652,106,0.16257668711656442,0.30517513,6
2024,J.Allen,541,165.09975,0.30517513,6,14,4022.0,307.0,497,1998.0,0.011090573012939002,0.025878003696857672,8.092555331991951,6.5081434,BUF,541,579,14,0.024179620034542316,2179.0,329.0,6.6231003,579,27,0.046632124352331605,0.1611285,7
2025,J.Allen,554,89.26519,0.1611285,10,40,3359.0,319.0,506,1897.0,0.018050541516245487,0.07220216606498195,6.638339920948616,5.9467087,BUF,554,593,40,0.06745362563237774,2033.0,344.0,5.9098835,593,27,0.045531197301854974,,8
2019,J.Brissett,504,8.885443,0.017629847,6,27,3545.0,272.0,472,1519.0,0.011904761904761904,0.05357142857142857,7.510593220338983,5.584559,IND,504,578,32,0.05536332179930796,1676.0,307.0,5.4592834,578,31,0.05363321799307959,-0.08368136,1
2021,J.Brissett,257,-21.50611,-0.08368136,4,19,1703.0,141.0,244,508.0,0.01556420233463035,0.07392996108949416,6.979508196721311,3.6028368,MIA,257,688,40,0.05813953488372093,1739.0,404.0,4.3044553,688,84,0.12209302325581395,0.075824134,2
2022,J.Brissett,414,31.391191,0.075824134,6,24,3220.0,236.0,391,1063.0,0.014492753623188406,0.057971014492753624,8.235294117647058,4.504237,CLE,414,615,44,0.07154471544715447,1593.0,335.0,4.7552238,615,81,0.13170731707317074,-0.1669037,3
2024,J.Brissett,188,-31.377897,-0.1669037,1,18,1093.0,95.0,179,433.0,0.005319148936170213,0.09574468085106383,6.106145251396648,4.5578947,NE,188,639,52,0.081377151799687,1696.0,342.0,4.9590645,639,64,0.10015649452269171,-0.0011176191,4
2025,J.Brissett,552,-0.6169257,-0.0011176191,8,43,3697.0,315.0,530,1557.0,0.014492753623188406,0.07789855072463768,6.975471698113208,4.9428573,ARI,552,748,59,0.07887700534759358,2111.0,427.0,4.943794,748,99,0.1323529411764706,,5
2023,J.Browning,284,33.93858,0.11950204,7,24,1554.0,171.0,268,1109.0,0.02464788732394366,0.08450704225352113,5.798507462686567,6.48538,CIN,284,695,50,0.07194244604316546,2368.0,420.0,5.6380954,695,29,0.041726618705035974,,1
2020,J.Burrow,449,30.703104,0.06838108,5,32,3429.0,264.0,433,1142.0,0.011135857461024499,0.07126948775055679,7.919168591224018,4.3257575,CIN,449,649,48,0.07395993836671803,1792.0,372.0,4.8172045,649,19,0.029275808936825885,0.17148913,1
2021,J.Burrow,591,101.35008,0.17148913,14,51,4227.0,366.0,571,2251.0,0.023688663282571912,0.08629441624365482,7.4028021015761825,6.1502733,CIN,591,630,55,0.0873015873015873,2421.0,384.0,6.3046875,630,37,0.05873015873015873,0.14917688,2
2022,J.Burrow,678,101.14192,0.14917688,12,41,4142.0,414.0,651,2133.0,0.017699115044247787,0.06047197640117994,6.362519201228879,5.152174,CIN,678,685,44,0.06423357664233577,2147.0,418.0,5.1363635,685,35,0.051094890510948905,0.008592711,3
2023,J.Burrow,402,3.4542696,0.008592711,6,24,2347.0,244.0,388,1239.0,0.014925373134328358,0.05970149253731343,6.048969072164948,5.077869,CIN,402,695,50,0.07194244604316546,2368.0,420.0,5.6380954,695,29,0.041726618705035974,0.16513486,4
2024,J.Burrow,723,119.3925,0.16513486,9,48,4614.0,460.0,701,2192.0,0.012448132780082987,0.06639004149377593,6.582025677603424,4.7652173,CIN,723,723,48,0.06639004149377593,2192.0,460.0,4.7652173,723,28,0.03872752420470263,0.084860094,5
2025,J.Burrow,286,24.269987,0.084860094,5,17,1868.0,173.0,278,818.0,0.017482517482517484,0.05944055944055944,6.719424460431655,4.728324,CIN,286,691,36,0.05209840810419682,1931.0,412.0,4.686893,691,24,0.03473227206946455,,6
2024,J.Daniels,600,106.514915,0.17752486,9,47,3549.0,331.0,528,1780.0,0.015,0.07833333333333334,6.721590909090909,5.3776436,WAS,600,652,50,0.07668711656441718,1887.0,365.0,5.169863,652,426,0.6533742331288344,0.019250583,1
2025,J.Daniels,242,4.658641,0.019250583,3,18,1390.0,114.0,204,577.0,0.012396694214876033,0.0743801652892562,6.813725490196078,5.0614033,WAS,242,567,37,0.06525573192239859,1429.0,287.0,4.979094,567,388,0.6843033509700176,,2
2025,J.Dart,413,20.57572,0.049820144,5,35,2773.0,216.0,375,1161.0,0.012106537530266344,0.0847457627118644,7.394666666666667,5.375,NYG,413,627,48,0.07655502392344497,1767.0,323.0,5.470588,627,125,0.19936204146730463,,1
2023,J.Dobbs,484,-55.796597,-0.11528222,10,30,3320.0,262.0,450,1003.0,0.02066115702479339,0.06198347107438017,7.377777777777778,3.8282442,ARI,297,635,42,0.06614173228346457,1669.0,355.0,4.7014084,635,83,0.13070866141732285,,1
2018,J.Driskel,206,-7.351475,-0.035686772,2,16,1378.0,105.0,195,506.0,0.009708737864077669,0.07766990291262135,7.066666666666666,4.8190475,CIN,206,603,37,0.06135986733001658,1648.0,331.0,4.978852,603,20,0.03316749585406302,,1
2021,J.Fields,349,-42.96668,-0.12311369,10,36,2645.0,159.0,304,683.0,0.02865329512893983,0.10315186246418338,8.700657894736842,4.2955976,CHI,349,659,58,0.08801213960546282,1600.0,332.0,4.8192773,659,80,0.12139605462822459,-0.072214104,1
2022,J.Fields,443,-31.990849,-0.072214104,11,55,2889.0,192.0,377,949.0,0.024830699774266364,0.12415349887133183,7.663129973474801,4.9427085,CHI,443,509,58,0.11394891944990176,1141.0,223.0,5.116592,509,38,0.07465618860510806,-0.03975711,2
2023,J.Fields,459,-18.248514,-0.03975711,9,44,2961.0,227.0,416,1224.0,0.0196078431372549,0.09586056644880174,7.117788461538462,5.3920703,CHI,459,621,50,0.08051529790660225,1722.0,321.0,5.364486,621,49,0.07890499194847021,0.06438353,3
2024,J.Fields,196,12.619172,0.06438353,1,16,1252.0,106.0,177,524.0,0.00510204081632653,0.08163265306122448,7.073446327683616,4.943396,PIT,196,586,49,0.08361774744027303,1652.0,321.0,5.1464176,586,169,0.2883959044368601,-0.04632338,4
2025,J.Fields,261,-12.090403,-0.04632338,1,27,1379.0,128.0,233,575.0,0.0038314176245210726,0.10344827586206896,5.918454935622318,4.4921875,NYJ,261,613,60,0.09787928221859707,1323.0,298.0,4.439597,613,65,0.10603588907014681,,5
2018,J.Flacco,398,14.0620165,0.0353317,6,16,3237.0,232.0,394,1025.0,0.01507537688442211,0.04020100502512563,8.215736040609137,4.418103,BAL,398,608,32,0.05263157894736842,1563.0,334.0,4.679641,608,52,0.08552631578947369,-0.083160944,1
2019,J.Flacco,293,-24.366156,-0.083160944,5,26,1777.0,171.0,288,907.0,0.017064846416382253,0.08873720136518772,6.170138888888889,5.3040934,DEN,293,566,41,0.07243816254416961,1701.0,312.0,5.451923,566,40,0.0706713780918728,-0.14218424,2
2022,J.Flacco,202,-28.721218,-0.14218424,3,10,1537.0,110.0,201,439.0,0.01485148514851485,0.04950495049504951,7.646766169154229,3.990909,NYJ,202,688,42,0.061046511627906974,1843.0,357.0,5.162465,688,72,0.10465116279069768,-0.05023653,3
2023,J.Flacco,213,-10.700381,-0.05023653,8,8,1910.0,123.0,213,678.0,0.03755868544600939,0.03755868544600939,8.967136150234742,5.512195,CLE,213,696,45,0.06465517241379311,1853.0,355.0,5.2197185,696,48,0.06896551724137931,0.011493588,4
2024,J.Flacco,270,3.1032686,0.011493588,7,18,2215.0,162.0,267,651.0,0.025925925925925925,0.06666666666666667,8.295880149812733,4.0185184,IND,270,569,32,0.056239015817223195,1457.0,289.0,5.0415225,569,67,0.11775043936731107,-0.10132766,5
2025,J.Flacco,436,-44.17886,-0.10132766,10,18,3048.0,251.0,432,1148.0,0.022935779816513763,0.04128440366972477,7.055555555555555,4.573705,CIN,266,691,36,0.05209840810419682,1931.0,412.0,4.686893,691,24,0.03473227206946455,,6
2019,J.Garoppolo,526,83.402916,0.15856068,13,36,3108.0,329.0,514,2159.0,0.024714828897338403,0.06844106463878327,6.046692607003891,6.56231,SF,526,529,36,0.06805293005671077,2192.0,331.0,6.6223564,529,25,0.04725897920604915,0.16575904,1
2020,J.Garoppolo,155,25.692652,0.16575904,5,11,879.0,94.0,151,714.0,0.03225806451612903,0.07096774193548387,5.821192052980132,7.5957446,SF,155,619,39,0.0630048465266559,2294.0,371.0,6.1832886,619,62,0.10016155088852989,0.16124946,2
2021,J.Garoppolo,475,76.59349,0.16124946,12,29,3307.0,301.0,469,1958.0,0.02526315789473684,0.061052631578947365,7.051172707889126,6.5049834,SF,475,564,33,0.05851063829787234,2246.0,343.0,6.548105,564,36,0.06382978723404255,0.18695128,3
2022,J.Garoppolo,329,61.506973,0.18695128,4,18,2124.0,207.0,326,1443.0,0.0121580547112462,0.0547112462006079,6.515337423312883,6.9710145,SF,329,556,31,0.05575539568345324,2236.0,338.0,6.6153846,556,23,0.04136690647482014,-0.08668218,4
2023,J.Garoppolo,191,-16.556295,-0.08668218,9,14,1366.0,110.0,183,468.0,0.04712041884816754,0.07329842931937172,7.46448087431694,4.2545457,LV,191,606,40,0.066006600660066,1606.0,348.0,4.6149426,606,46,0.07590759075907591,,5
2018,J.Goff,615,121.49704,0.19755617,12,33,4865.0,364.0,595,2127.0,0.01951219512195122,0.05365853658536585,8.176470588235293,5.8434067,LA,615,622,33,0.05305466237942122,2165.0,368.0,5.883152,622,125,0.20096463022508038,0.09499713,1
2019,J.Goff,659,62.60311,0.09499713,16,22,4841.0,394.0,649,2244.0,0.024279210925644917,0.03338391502276176,7.459167950693375,5.6954317,LA,659,665,22,0.03308270676691729,2270.0,397.0,5.717884,665,119,0.17894736842105263,0.018646268,2
2020,J.Goff,596,11.113176,0.018646268,13,23,3579.0,370.0,574,2148.0,0.02181208053691275,0.03859060402684564,6.235191637630662,5.8054056,LA,596,638,25,0.03918495297805643,2241.0,392.0,5.716837,638,138,0.21630094043887146,-0.06008722,3
2021,J.Goff,540,-32.447098,-0.06008722,8,35,3150.0,332.0,529,1744.0,0.014814814814814815,0.06481481481481481,5.954631379962192,5.253012,DET,540,643,36,0.05598755832037325,2081.0,396.0,5.2550507,643,56,0.08709175738724728,0.15671141,4
2022,J.Goff,625,97.94463,0.15671141,7,23,4129.0,382.0,610,2271.0,0.0112,0.0368,6.768852459016394,5.9450264,DET,625,627,24,0.03827751196172249,2271.0,383.0,5.929504,627,36,0.05741626794258373,0.10457313,5
2023,J.Goff,643,67.240524,0.10457313,12,30,4064.0,407.0,636,2147.0,0.01866251944012442,0.04665629860031104,6.389937106918239,5.275184,DET,643,645,31,0.04806201550387597,2156.0,408.0,5.2843137,645,44,0.06821705426356589,0.2782302,6
2024,J.Goff,582,161.92998,0.2782302,12,31,3409.0,390.0,568,2544.0,0.020618556701030927,0.05326460481099656,6.001760563380282,6.523077,DET,582,597,33,0.05527638190954774,2578.0,399.0,6.461153,597,26,0.04355108877721943,0.17668878,7
2025,J.Goff,619,109.37035,0.17668878,8,38,3717.0,393.0,614,2411.0,0.012924071082390954,0.061389337641357025,6.0537459283387625,6.13486,DET,619,624,39,0.0625,2411.0,394.0,6.1192894,624,46,0.07371794871794872,,8
2020,J.Herbert,651,91.326485,0.14028646,10,32,4368.0,396.0,626,2220.0,0.015360983102918587,0.04915514592933948,6.977635782747604,5.6060605,LAC,651,687,34,0.049490538573508006,2304.0,413.0,5.5786924,687,53,0.07714701601164484,0.17125016,1
2021,J.Herbert,745,127.58137,0.17125016,15,31,5058.0,443.0,709,2403.0,0.020134228187919462,0.04161073825503356,7.133991537376587,5.4243793,LAC,745,748,31,0.04144385026737968,2403.0,443.0,5.4243793,748,65,0.08689839572192513,0.027061347,2
2022,J.Herbert,758,20.5125,0.027061347,10,38,4504.0,477.0,736,2475.0,0.013192612137203167,0.05013192612137203,6.119565217391305,5.188679,LAC,758,773,39,0.050452781371280724,2538.0,485.0,5.23299,773,66,0.08538163001293661,0.05142332,3
2023,J.Herbert,517,26.585855,0.05142332,7,29,3490.0,297.0,486,1555.0,0.013539651837524178,0.05609284332688588,7.181069958847736,5.23569,LAC,517,715,43,0.06013986013986014,2160.0,409.0,5.2811737,715,125,0.17482517482517482,0.13460118,4
2024,J.Herbert,576,77.53027,0.13460118,3,41,4336.0,332.0,545,1675.0,0.005208333333333333,0.07118055555555555,7.955963302752294,5.045181,LAC,576,587,44,0.07495741056218058,1691.0,336.0,5.032738,587,32,0.054514480408858604,0.05443849,5
2025,J.Herbert,615,33.47967,0.05443849,13,54,4011.0,340.0,566,1657.0,0.02113821138211382,0.08780487804878048,7.086572438162544,4.8735294,LAC,615,681,60,0.0881057268722467,1762.0,367.0,4.80109,681,34,0.049926578560939794,,6
2020,J.Hurts,185,1.5675998,0.008473513,4,13,1353.0,77.0,161,468.0,0.021621621621621623,0.07027027027027027,8.403726708074535,6.077922,PHI,185,717,65,0.09065550906555091,1482.0,334.0,4.4371257,717,110,0.15341701534170155,0.0846219,1
2021,J.Hurts,509,43.072548,0.0846219,9,26,3882.0,265.0,459,1463.0,0.01768172888015717,0.05108055009823183,8.457516339869281,5.520755,PHI,509,581,31,0.05335628227194492,1729.0,307.0,5.631922,581,89,0.153184165232358,0.12475499,2
2022,J.Hurts,542,67.6172,0.12475499,6,38,3725.0,306.0,499,1802.0,0.01107011070110701,0.07011070110701106,7.4649298597194385,5.888889,PHI,542,625,44,0.0704,2053.0,350.0,5.865714,625,126,0.2016,0.09525928,3
2023,J.Hurts,623,59.34653,0.09525928,15,36,4638.0,352.0,575,1697.0,0.024077046548956663,0.05778491171749599,8.066086956521739,4.8210225,PHI,623,653,39,0.05972434915773354,1786.0,369.0,4.8401084,653,100,0.15313935681470137,0.16955028,4
2024,J.Hurts,438,74.26302,0.16955028,5,38,2815.0,248.0,399,1375.0,0.01141552511415525,0.0867579908675799,7.0551378446115285,5.544355,PHI,438,535,45,0.08411214953271028,1570.0,303.0,5.181518,535,123,0.22990654205607478,0.08267588,5
2025,J.Hurts,526,43.487514,0.08267588,6,32,4072.0,294.0,486,1265.0,0.011406844106463879,0.060836501901140684,8.378600823045268,4.302721,PHI,526,575,35,0.06086956521739131,1365.0,318.0,4.292453,575,116,0.20173913043478262,,6
2023,J.Love,633,83.45346,0.13183801,11,30,4898.0,372.0,609,1917.0,0.017377567140600316,0.04739336492890995,8.042692939244663,5.153226,GB,633,636,30,0.04716981132075472,1925.0,374.0,5.147059,636,67,0.10534591194968554,0.13702604,1
2024,J.Love,454,62.20982,0.13702604,11,14,3757.0,268.0,442,1654.0,0.024229074889867842,0.030837004405286344,8.5,6.171642,GB,454,525,22,0.0419047619047619,1928.0,308.0,6.2597404,525,64,0.1219047619047619,0.26225385,2
2025,J.Love,485,127.19312,0.26225385,6,21,3871.0,291.0,461,1511.0,0.012371134020618556,0.04329896907216495,8.396963123644252,5.19244,GB,485,554,29,0.052346570397111915,1665.0,328.0,5.0762196,554,57,0.10288808664259928,,3
2025,J.McCarthy,290,-43.814743,-0.15108532,12,27,2142.0,140.0,273,692.0,0.041379310344827586,0.09310344827586207,7.846153846153846,4.9428573,MIN,290,575,60,0.10434782608695652,1531.0,298.0,5.1375837,575,60,0.10434782608695652,,1
2018,J.Rosen,452,-147.40068,-0.3261077,14,45,3262.0,217.0,438,974.0,0.030973451327433628,0.09955752212389381,7.447488584474886,4.488479,ARI,452,563,52,0.09236234458259325,1254.0,283.0,4.4310956,563,48,0.0852575488454707,,1
2018,J.Winston,443,59.28054,0.13381612,14,27,4086.0,244.0,407,895.0,0.03160270880361174,0.060948081264108354,10.039312039312039,3.668033,TB,443,728,41,0.05631868131868132,1769.0,408.0,4.3357844,728,100,0.13736263736263737,0.06782501,1
2019,J.Winston,707,47.952282,0.06782501,30,47,6481.0,380.0,674,1885.0,0.042432814710042434,0.06647807637906648,9.61572700296736,4.9605265,TB,707,711,47,0.06610407876230662,1898.0,382.0,4.9685864,711,28,0.03938115330520394,0.17640941,2
2021,J.Winston,189,33.341377,0.17640941,3,11,1340.0,95.0,172,578.0,0.015873015873015872,0.0582010582010582,7.790697674418604,6.0842104,NO,189,581,37,0.06368330464716007,1687.0,293.0,5.757679,581,32,0.055077452667814115,-0.067629896,3
2024,J.Winston,334,-22.588385,-0.067629896,12,24,2640.0,181.0,326,765.0,0.03592814371257485,0.0718562874251497,8.098159509202453,4.226519,CLE,334,770,66,0.08571428571428572,1711.0,395.0,4.3316455,770,139,0.18051948051948052,,4
2019,K.Allen,555,-23.002413,-0.041445788,16,46,3989.0,303.0,536,1647.0,0.02882882882882883,0.08288288288288288,7.442164179104478,5.4356437,CAR,555,716,58,0.08100558659217877,2032.0,382.0,5.3193717,716,71,0.09916201117318436,,1
2018,K.Cousins,665,-21.477758,-0.03229738,10,40,4396.0,425.0,648,1947.0,0.015037593984962405,0.06015037593984962,6.783950617283951,4.5811763,MIN,665,665,40,0.06015037593984962,1947.0,425.0,4.5811763,665,60,0.09022556390977443,0.16823742,1
2019,K.Cousins,484,81.42691,0.16823742,6,28,3391.0,307.0,475,1785.0,0.012396694214876033,0.05785123966942149,7.138947368421053,5.8143325,MIN,484,506,28,0.05533596837944664,1851.0,319.0,5.802508,506,55,0.10869565217391304,0.16294153,2
2020,K.Cousins,575,93.69138,0.16294153,13,39,4103.0,349.0,558,1936.0,0.022608695652173914,0.06782608695652174,7.353046594982079,5.547278,MIN,575,576,39,0.06770833333333333,1936.0,349.0,5.547278,576,34,0.059027777777777776,0.10967493,3
2021,K.Cousins,602,66.02431,0.10967493,7,28,4573.0,372.0,587,1813.0,0.011627906976744186,0.046511627906976744,7.7904599659284495,4.873656,MIN,602,648,30,0.046296296296296294,1944.0,398.0,4.8844223,648,42,0.06481481481481481,0.04081991,4
2022,K.Cousins,702,28.655577,0.04081991,14,46,4821.0,424.0,690,1954.0,0.019943019943019943,0.06552706552706553,6.98695652173913,4.6084905,MIN,702,734,47,0.06403269754768393,2102.0,448.0,4.691964,734,146,0.1989100817438692,0.0670983,5
2023,K.Cousins,329,22.07534,0.0670983,5,17,2251.0,216.0,326,996.0,0.015197568389057751,0.05167173252279635,6.904907975460123,4.611111,MIN,329,709,47,0.06629055007052186,1926.0,424.0,4.542453,709,106,0.14950634696755993,0.033650987,6
2024,K.Cousins,481,16.186125,0.033650987,16,28,3374.0,303.0,478,1687.0,0.033264033264033266,0.058212058212058215,7.058577405857741,5.567657,ATL,481,596,32,0.053691275167785234,1958.0,364.0,5.379121,596,107,0.17953020134228187,-0.023036778,7
2025,K.Cousins,283,-6.519408,-0.023036778,5,13,1869.0,166.0,281,983.0,0.0176678445229682,0.045936395759717315,6.6512455516014235,5.9216866,ATL,283,586,26,0.04436860068259386,1871.0,332.0,5.6355424,586,84,0.14334470989761092,,8
2019,K.Murray,617,-6.114152,-0.009909485,12,48,4055.0,349.0,589,1846.0,0.019448946515397084,0.07779578606158834,6.884550084889644,5.289398,ARI,617,633,50,0.07898894154818326,1880.0,355.0,5.2957745,633,201,0.3175355450236967,0.07748021,1
2020,K.Murray,629,48.735054,0.07748021,12,27,4355.0,375.0,579,1745.0,0.019077901430842606,0.04292527821939587,7.521588946459413,4.653333,ARI,629,648,29,0.044753086419753084,1855.0,387.0,4.7932816,648,247,0.38117283950617287,0.13776085,2
2021,K.Murray,543,74.80414,0.13776085,10,31,3823.0,333.0,514,1782.0,0.01841620626151013,0.0570902394106814,7.437743190661479,5.3513513,ARI,543,666,39,0.05855855855855856,2251.0,415.0,5.4240966,666,282,0.42342342342342343,-0.004357422,3
2022,K.Murray,443,-1.9303379,-0.004357422,7,25,2678.0,259.0,418,1254.0,0.01580135440180587,0.056433408577878104,6.4066985645933014,4.8416986,ARI,443,753,46,0.06108897742363878,2058.0,433.0,4.752887,753,265,0.351925630810093,-0.014792863,4
2023,K.Murray,305,-4.511823,-0.014792863,5,18,1935.0,176.0,289,977.0,0.01639344262295082,0.05901639344262295,6.695501730103806,5.5511365,ARI,305,635,42,0.06614173228346457,1669.0,355.0,4.7014084,635,83,0.13070866141732285,0.111128666,5
2024,K.Murray,611,67.89961,0.111128666,11,30,3693.0,372.0,570,1968.0,0.01800327332242226,0.049099836333878884,6.478947368421053,5.290323,ARI,611,613,30,0.048939641109298535,1972.0,374.0,5.2727275,613,75,0.12234910277324633,0.07894335,6
2025,K.Murray,193,15.236067,0.07894335,3,16,941.0,110.0,177,545.0,0.015544041450777202,0.08290155440414508,5.31638418079096,4.9545455,ARI,193,748,59,0.07887700534759358,2111.0,427.0,4.943794,748,99,0.1323529411764706,,7
2022,K.Pickett,445,-0.8678937,-0.0019503229,9,27,2957.0,245.0,417,1042.0,0.020224719101123594,0.060674157303370786,7.091127098321343,4.2530613,PIT,445,642,38,0.059190031152647975,1438.0,364.0,3.9505494,642,74,0.11526479750778816,-0.11862172,1
2023,K.Pickett,361,-42.82244,-0.11862172,4,23,2288.0,201.0,347,1038.0,0.0110803324099723,0.06371191135734072,6.593659942363113,5.1641793,PIT,361,566,36,0.0636042402826855,1738.0,323.0,5.380805,566,49,0.08657243816254417,,2
2018,L.Jackson,203,-2.7227268,-0.013412448,3,16,1475.0,99.0,186,510.0,0.014778325123152709,0.07881773399014778,7.93010752688172,5.151515,BAL,203,608,32,0.05263157894736842,1563.0,334.0,4.679641,608,52,0.08552631578947369,0.36787125,1
2019,L.Jackson,460,169.22078,0.36787125,6,23,3545.0,265.0,423,1360.0,0.013043478260869565,0.05,8.380614657210401,5.1320753,BAL,460,505,28,0.055445544554455446,1447.0,289.0,5.0069203,505,18,0.03564356435643564,0.17670608,2
2020,L.Jackson,452,79.87115,0.17670608,9,29,3248.0,242.0,403,1159.0,0.01991150442477876,0.06415929203539823,8.05955334987593,4.789256,BAL,452,486,32,0.06584362139917696,1262.0,257.0,4.910506,486,24,0.04938271604938271,0.057100054,3
2021,L.Jackson,470,26.837025,0.057100054,13,38,3534.0,246.0,421,1150.0,0.027659574468085105,0.08085106382978724,8.394299287410927,4.6747966,BAL,470,743,57,0.07671601615074024,1717.0,396.0,4.335859,743,64,0.08613728129205922,0.04996331,4
2022,L.Jackson,378,18.886131,0.04996331,7,26,2754.0,203.0,352,974.0,0.018518518518518517,0.06878306878306878,7.823863636363637,4.7980294,BAL,378,563,38,0.0674955595026643,1370.0,300.0,4.5666666,563,30,0.05328596802841918,0.10375037,5
2023,L.Jackson,560,58.10021,0.10375037,7,37,3840.0,307.0,494,1749.0,0.0125,0.06607142857142857,7.77327935222672,5.697068,BAL,560,608,41,0.06743421052631579,1827.0,328.0,5.570122,608,38,0.0625,0.35136563,6
2024,L.Jackson,539,189.38608,0.35136563,4,23,4106.0,316.0,494,2084.0,0.0074211502782931356,0.04267161410018553,8.31174089068826,6.594937,BAL,539,543,24,0.04419889502762431,2086.0,318.0,6.5597486,543,34,0.06261510128913444,0.060793675,7
2025,L.Jackson,368,22.372072,0.060793675,7,36,2648.0,192.0,338,1064.0,0.019021739130434784,0.09782608695652174,7.834319526627219,5.5416665,BAL,368,503,45,0.08946322067594434,1361.0,278.0,4.8956833,503,16,0.03180914512922465,,8
2020,M.Glennon,193,-28.802048,-0.1492334,5,9,1424.0,111.0,189,405.0,0.025906735751295335,0.046632124352331605,7.534391534391534,3.6486487,JAX,193,694,44,0.06340057636887608,1696.0,387.0,4.382429,694,56,0.08069164265129683,-0.44105962,1
2021,M.Glennon,178,-78.50861,-0.44105962,10,9,1210.0,90.0,174,415.0,0.056179775280898875,0.05056179775280899,6.954022988505747,4.611111,NYG,178,662,38,0.05740181268882175,1621.0,351.0,4.6182337,662,208,0.31419939577039274,,2
2021,M.Jones,565,38.296463,0.06778135,13,28,4158.0,352.0,550,1760.0,0.023008849557522124,0.049557522123893805,7.56,5.0,NE,565,579,28,0.04835924006908463,1940.0,364.0,5.3296704,579,35,0.06044905008635579,-0.0690082,1
2022,M.Jones,498,-34.366085,-0.0690082,11,34,3459.0,288.0,478,1431.0,0.02208835341365462,0.06827309236947791,7.2364016736401675,4.96875,NE,498,604,41,0.06788079470198675,1837.0,358.0,5.1312847,604,46,0.076158940397351,-0.1715611,2
2023,M.Jones,380,-65.19322,-0.1715611,12,22,2410.0,224.0,368,1208.0,0.031578947368421054,0.05789473684210526,6.548913043478261,5.392857,NE,380,627,48,0.07655502392344497,1845.0,351.0,5.25641,627,72,0.11483253588516747,-0.0069821468,3
2024,M.Jones,293,-2.045769,-0.0069821468,8,14,1928.0,171.0,279,908.0,0.027303754266211604,0.04778156996587031,6.910394265232975,5.3099413,JAX,293,611,32,0.05237315875613748,1754.0,343.0,5.113703,611,71,0.11620294599018004,0.13041525,4
2025,M.Jones,312,40.689556,0.13041525,6,16,2124.0,201.0,304,957.0,0.019230769230769232,0.05128205128205128,6.9868421052631575,4.761194,SF,312,629,27,0.04292527821939587,1786.0,398.0,4.4874372,629,28,0.04451510333863275,,5
2018,M.Mariota,408,18.360323,0.04500079,8,42,2516.0,228.0,374,1266.0,0.0196078431372549,0.10294117647058823,6.7272727272727275,5.5526314,TEN,408,519,47,0.0905587668593449,1648.0,293.0,5.624573,519,66,0.12716763005780346,-0.022953251,1
2019,M.Mariota,197,-4.5217905,-0.022953251,2,25,1126.0,95.0,183,604.0,0.01015228426395939,0.12690355329949238,6.1530054644808745,6.357895,TEN,197,529,56,0.10586011342155009,1836.0,297.0,6.181818,529,84,0.15879017013232513,0.002217328,2
2022,M.Mariota,353,0.78271675,0.002217328,9,28,3093.0,184.0,326,912.0,0.025495750708215296,0.07932011331444759,9.487730061349692,4.9565215,ATL,353,488,37,0.07581967213114754,1240.0,257.0,4.8249025,488,82,0.1680327868852459,0.027026918,3
2025,M.Mariota,262,7.0810523,0.027026918,7,16,2294.0,139.0,244,639.0,0.026717557251908396,0.061068702290076333,9.401639344262295,4.597122,WAS,262,567,37,0.06525573192239859,1429.0,287.0,4.979094,567,388,0.6843033509700176,,4
2025,M.Penix,303,10.464866,0.03453751,3,13,2300.0,166.0,290,888.0,0.009900990099009901,0.0429042904290429,7.931034482758621,5.3493977,ATL,303,586,26,0.04436860068259386,1871.0,332.0,5.6355424,586,84,0.14334470989761092,,1
2019,M.Rudolph,309,-30.79151,-0.0996489,9,15,2286.0,176.0,299,934.0,0.02912621359223301,0.04854368932038835,7.645484949832776,5.306818,PIT,309,562,32,0.05693950177935943,1747.0,315.0,5.546032,562,27,0.04804270462633452,0.016088992,1
2024,M.Rudolph,250,4.0222483,0.016088992,9,11,1631.0,146.0,237,664.0,0.036,0.044,6.881856540084388,4.547945,TEN,250,615,52,0.08455284552845528,1597.0,336.0,4.7529764,615,63,0.1024390243902439,,2
2018,M.Ryan,672,116.248665,0.17298909,7,42,5201.0,422.0,655,2133.0,0.010416666666666666,0.0625,7.9404580152671755,5.0545025,ATL,672,681,42,0.06167400881057269,2145.0,428.0,5.011682,681,62,0.09104258443465492,0.0410039,1
2019,M.Ryan,690,28.292692,0.0410039,14,48,5051.0,408.0,668,1626.0,0.020289855072463767,0.06956521739130435,7.561377245508982,3.985294,ATL,690,761,50,0.0657030223390276,1899.0,459.0,4.1372547,761,81,0.10643889618922471,0.10119854,2
2020,M.Ryan,685,69.321,0.10119854,11,41,5342.0,407.0,669,1642.0,0.016058394160583942,0.059854014598540145,7.985052316890882,4.034398,ATL,685,687,41,0.05967976710334789,1644.0,408.0,4.029412,687,64,0.09315866084425037,-0.033235855,3
2021,M.Ryan,618,-20.539759,-0.033235855,12,40,4003.0,375.0,601,1722.0,0.019417475728155338,0.06472491909385113,6.6605657237936775,4.592,ATL,618,631,40,0.06339144215530904,1733.0,377.0,4.596817,631,89,0.1410459587955626,-0.08497998,4
2022,M.Ryan,512,-43.50975,-0.08497998,13,38,2772.0,309.0,502,1408.0,0.025390625,0.07421875,5.52191235059761,4.5566344,IND,512,689,60,0.08708272859216255,1791.0,398.0,4.5,689,103,0.14949201741654572,,5
2018,M.Stafford,610,0.66135216,0.0010841838,11,40,3836.0,367.0,597,2030.0,0.018032786885245903,0.06557377049180328,6.425460636515913,5.5313354,DET,610,632,41,0.06487341772151899,2059.0,375.0,5.490667,632,99,0.15664556962025317,0.21671389,1
2019,M.Stafford,317,68.6983,0.21671389,5,18,3109.0,187.0,308,890.0,0.015772870662460567,0.056782334384858045,10.094155844155845,4.7593584,DET,317,639,43,0.06729264475743349,1514.0,344.0,4.4011626,639,59,0.09233176838810642,0.11908417,2
2020,M.Stafford,579,68.94974,0.11908417,10,38,4613.0,339.0,563,1738.0,0.017271157167530225,0.06563039723661486,8.193605683836589,5.1268435,DET,579,639,42,0.06572769953051644,1884.0,374.0,5.037433,639,63,0.09859154929577464,0.18962951,3
2021,M.Stafford,642,121.74215,0.18962951,17,30,5094.0,404.0,634,2124.0,0.0264797507788162,0.04672897196261682,8.034700315457414,5.257426,LA,642,649,31,0.04776579352850539,2137.0,406.0,5.263547,649,155,0.23882896764252695,-0.08265407,4
2022,M.Stafford,337,-27.85442,-0.08265407,8,29,2027.0,206.0,332,1119.0,0.02373887240356083,0.08605341246290801,6.105421686746988,5.432039,LA,337,611,59,0.09656301145662848,1794.0,347.0,5.1700287,611,102,0.16693944353518822,0.0924719,5
2023,M.Stafford,565,52.246624,0.0924719,11,30,4033.0,326.0,551,1895.0,0.019469026548672566,0.05309734513274336,7.319419237749546,5.8128834,LA,565,640,34,0.053125,2044.0,361.0,5.66205,640,103,0.1609375,0.06714515,6
2024,M.Stafford,549,36.862686,0.06714515,8,28,3869.0,340.0,546,1726.0,0.014571948998178506,0.051001821493624776,7.086080586080586,5.0764704,LA,549,596,31,0.05201342281879195,1958.0,367.0,5.33515,596,76,0.12751677852348994,0.22313644,7
2025,M.Stafford,624,139.23714,0.22313644,8,23,5428.0,388.0,617,1850.0,0.01282051282051282,0.03685897435897436,8.79740680713128,4.768041,LA,624,624,23,0.03685897435897436,1850.0,388.0,4.768041,624,66,0.10576923076923077,,8
2018,M.Trubisky,497,75.767044,0.15244877,12,24,3859.0,289.0,461,1404.0,0.02414486921529175,0.0482897384305835,8.370932754880695,4.8581314,CHI,497,587,33,0.056218057921635436,1586.0,344.0,4.610465,587,28,0.04770017035775128,-0.054553792,1
2019,M.Trubisky,574,-31.313877,-0.054553792,10,38,4107.0,326.0,552,1403.0,0.017421602787456445,0.06620209059233449,7.440217391304348,4.303681,CHI,574,647,45,0.0695517774343122,1538.0,371.0,4.1455526,647,116,0.17928902627511592,0.10922876,2
2020,M.Trubisky,333,36.373177,0.10922876,8,18,2325.0,199.0,316,1003.0,0.024024024024024024,0.05405405405405406,7.3575949367088604,5.040201,CHI,333,670,36,0.05373134328358209,1720.0,402.0,4.278607,670,73,0.10895522388059702,0.009375824,3
2022,M.Trubisky,195,1.8282856,0.009375824,5,11,1754.0,117.0,191,388.0,0.02564102564102564,0.05641025641025641,9.18324607329843,3.3162394,PIT,195,642,38,0.059190031152647975,1438.0,364.0,3.9505494,642,74,0.11526479750778816,,4
2022,M.White,185,-7.463803,-0.04034488,4,9,1303.0,103.0,184,568.0,0.021621621621621623,0.04864864864864865,7.081521739130435,5.514563,NYJ,185,688,42,0.061046511627906974,1843.0,357.0,5.162465,688,72,0.10465116279069768,,1
2018,N.Foles,205,17.128983,0.08355601,4,9,1321.0,141.0,203,729.0,0.01951219512195122,0.04390243902439024,6.5073891625615765,5.1702127,PHI,205,655,40,0.061068702290076333,2151.0,422.0,5.0971565,655,44,0.06717557251908397,-0.13401407,1
2020,N.Foles,333,-44.626686,-0.13401407,8,18,2502.0,202.0,330,704.0,0.024024024024024024,0.05405405405405406,7.581818181818182,3.4851484,CHI,333,670,36,0.05373134328358209,1720.0,402.0,4.278607,670,73,0.10895522388059702,,2
2018,N.Mullens,289,31.782902,0.10997544,10,17,1900.0,176.0,288,1220.0,0.03460207612456748,0.058823529411764705,6.597222222222222,6.931818,SF,289,597,48,0.08040201005025126,2316.0,331.0,6.9969788,597,46,0.07705192629815745,0.009343049,1
2020,N.Mullens,349,3.260724,0.009343049,12,19,2053.0,211.0,347,1236.0,0.034383954154727794,0.054441260744985676,5.916426512968299,5.85782,SF,349,619,39,0.0630048465266559,2294.0,371.0,6.1832886,619,62,0.10016155088852989,0.09935593,2
2023,N.Mullens,164,16.294373,0.09935593,8,12,1380.0,100.0,159,477.0,0.04878048780487805,0.07317073170731707,8.679245283018869,4.77,MIN,164,709,47,0.06629055007052186,1926.0,424.0,4.542453,709,106,0.14950634696755993,,3
2018,P.Mahomes,634,226.62038,0.3574454,12,26,5255.0,383.0,606,2613.0,0.01892744479495268,0.04100946372239748,8.671617161716172,6.8224545,KC,634,637,26,0.04081632653061224,2628.0,385.0,6.825974,637,21,0.03296703296703297,0.28106913,1
2019,P.Mahomes,525,147.5613,0.28106913,5,17,4281.0,319.0,502,1924.0,0.009523809523809525,0.03238095238095238,8.52788844621514,6.0313478,KC,525,626,25,0.039936102236421724,2211.0,378.0,5.8492064,626,8,0.012779552715654952,0.29472247,2
2020,P.Mahomes,652,192.15906,0.29472247,6,22,4917.0,390.0,612,2241.0,0.009202453987730062,0.03374233128834356,8.034313725490197,5.746154,KC,652,696,24,0.034482758620689655,2455.0,420.0,5.845238,696,10,0.014367816091954023,0.21526575,3
2021,P.Mahomes,733,157.7898,0.21526575,13,28,4829.0,436.0,687,2690.0,0.017735334242837655,0.03819918144611187,7.029112081513828,6.169725,KC,733,751,28,0.037283621837549935,2719.0,448.0,6.069196,751,23,0.03062583222370173,0.2911042,4
2022,P.Mahomes,723,210.46834,0.2911042,12,26,4715.0,435.0,677,2827.0,0.016597510373443983,0.035961272475795295,6.964549483013294,6.4988503,KC,723,726,26,0.03581267217630854,2827.0,435.0,6.4988503,726,10,0.013774104683195593,0.09563593,5
2023,P.Mahomes,672,64.26734,0.09563593,14,27,3873.0,401.0,622,2548.0,0.020833333333333332,0.04017857142857143,6.226688102893891,6.3541145,KC,672,715,28,0.039160839160839164,2673.0,421.0,6.349169,715,24,0.033566433566433566,0.15533999,6
2024,P.Mahomes,654,101.592354,0.15533999,11,36,3682.0,392.0,617,2275.0,0.016819571865443424,0.05504587155963303,5.9675850891410045,5.803571,KC,654,680,41,0.060294117647058824,2343.0,404.0,5.7995048,680,11,0.016176470588235296,0.16841954,7
2025,P.Mahomes,589,99.19911,0.16841954,11,34,4050.0,315.0,537,1895.0,0.01867572156196944,0.057724957555178265,7.5418994413407825,6.015873,KC,589,689,47,0.06821480406386067,2110.0,363.0,5.812672,689,26,0.03773584905660377,,8
2018,P.Rivers,552,125.11227,0.22665265,12,32,3948.0,347.0,547,2119.0,0.021739130434782608,0.057971014492753624,7.217550274223035,6.1066284,LAC,552,559,34,0.06082289803220036,2130.0,348.0,6.12069,559,6,0.01073345259391771,0.09230018,1
2019,P.Rivers,629,58.056812,0.09230018,20,34,5047.0,390.0,623,2154.0,0.03179650238473768,0.05405405405405406,8.101123595505618,5.523077,LAC,629,635,34,0.05354330708661417,2173.0,394.0,5.5152283,635,52,0.08188976377952756,0.1663784,2
2020,P.Rivers,562,93.504654,0.1663784,11,19,3888.0,369.0,561,2226.0,0.019572953736654804,0.033807829181494664,6.93048128342246,6.0325203,IND,562,574,21,0.036585365853658534,2244.0,371.0,6.0485177,574,62,0.10801393728222997,,3
2018,R.Fitzpatrick,284,48.128788,0.16946757,12,14,2546.0,164.0,261,874.0,0.04225352112676056,0.04929577464788732,9.754789272030651,5.3292685,TB,284,728,41,0.05631868131868132,1769.0,408.0,4.3357844,728,100,0.13736263736263737,0.04219947,1
2019,R.Fitzpatrick,578,24.391294,0.04219947,13,40,4513.0,311.0,543,1239.0,0.02249134948096886,0.06920415224913495,8.31123388581952,3.9839227,MIA,578,714,58,0.08123249299719888,1581.0,371.0,4.2614555,714,57,0.07983193277310924,0.18421137,2
2020,R.Fitzpatrick,297,54.710777,0.18421137,8,14,2080.0,183.0,282,854.0,0.026936026936026935,0.04713804713804714,7.375886524822695,4.6666665,MIA,297,627,34,0.05422647527910686,1654.0,370.0,4.47027,627,95,0.15151515151515152,,3
2018,R.Tannehill,315,-52.89331,-0.16791527,9,35,2229.0,176.0,308,1016.0,0.02857142857142857,0.1111111111111111,7.237012987012987,5.7727275,MIA,315,517,52,0.10058027079303675,1722.0,292.0,5.89726,517,83,0.16054158607350097,0.22408395,1
2019,R.Tannehill,330,73.9477,0.22408395,6,31,2739.0,201.0,315,1224.0,0.01818181818181818,0.09393939393939393,8.695238095238095,6.0895524,TEN,330,529,56,0.10586011342155009,1836.0,297.0,6.181818,529,84,0.15879017013232513,0.25485635,2
2020,R.Tannehill,527,134.3093,0.25485635,7,24,4024.0,315.0,507,1529.0,0.013282732447817837,0.04554079696394687,7.936883629191321,4.853968,TEN,527,533,25,0.04690431519699812,1529.0,316.0,4.838608,533,98,0.18386491557223264,0.060109258,3
2021,R.Tannehill,597,35.885227,0.060109258,14,47,3954.0,357.0,578,1778.0,0.023450586264656615,0.07872696817420435,6.840830449826989,4.980392,TEN,597,601,47,0.07820299500831947,1780.0,359.0,4.958217,601,81,0.13477537437603992,0.06782511,4
2022,R.Tannehill,371,25.163115,0.06782511,6,33,2532.0,212.0,358,1179.0,0.016172506738544475,0.0889487870619946,7.072625698324022,5.561321,TEN,371,529,49,0.09262759924385633,1541.0,285.0,5.4070177,529,43,0.08128544423440454,-0.07274859,5
2023,R.Tannehill,268,-19.496622,-0.07274859,7,32,1817.0,149.0,260,795.0,0.026119402985074626,0.11940298507462686,6.9884615384615385,5.3355703,TEN,268,576,64,0.1111111111111111,1596.0,304.0,5.25,576,32,0.05555555555555555,,6
2018,R.Wilson,500,86.734505,0.173469,7,51,3832.0,280.0,471,1385.0,0.014,0.102,8.13588110403397,4.946429,SEA,500,500,51,0.102,1385.0,280.0,4.946429,500,44,0.088,0.121094555,1
2019,R.Wilson,608,73.62549,0.121094555,5,48,4830.0,341.0,563,1723.0,0.008223684210526315,0.07894736842105263,8.579040852575488,5.052786,SEA,608,609,48,0.07881773399014778,1723.0,341.0,5.052786,609,35,0.05747126436781609,0.13161436,2
2020,R.Wilson,659,86.733864,0.13161436,13,47,4809.0,384.0,606,1827.0,0.019726858877086494,0.07132018209408195,7.935643564356436,4.7578125,SEA,659,665,48,0.07218045112781955,1841.0,388.0,4.7448454,665,35,0.05263157894736842,0.03285576,3
2021,R.Wilson,458,15.047938,0.03285576,6,33,3955.0,259.0,435,1383.0,0.013100436681222707,0.07205240174672489,9.091954022988507,5.3397684,SEA,458,569,46,0.08084358523725835,1743.0,324.0,5.3796296,569,112,0.1968365553602812,-0.07521824,4
2022,R.Wilson,566,-42.57352,-0.07521824,11,55,4264.0,292.0,538,1720.0,0.019434628975265017,0.09717314487632508,7.925650557620818,5.890411,DEN,566,663,63,0.09502262443438914,1987.0,345.0,5.7594204,663,75,0.11312217194570136,-0.04520986,5
2023,R.Wilson,527,-23.825596,-0.04520986,8,45,3188.0,297.0,491,1733.0,0.015180265654648957,0.08538899430740038,6.492871690427698,5.8350167,DEN,527,603,52,0.08623548922056384,2067.0,337.0,6.133531,603,78,0.12935323383084577,0.0056367093,6
2024,R.Wilson,388,2.1870432,0.0056367093,5,33,2668.0,214.0,368,1122.0,0.01288659793814433,0.08505154639175258,7.25,5.2429905,PIT,388,586,49,0.08361774744027303,1652.0,321.0,5.1464176,586,169,0.2883959044368601,,7
2018,S.Darnold,459,-23.119823,-0.050369985,15,30,3832.0,239.0,444,1278.0,0.032679738562091505,0.06535947712418301,8.63063063063063,5.3472805,NYJ,459,580,37,0.06379310344827586,1586.0,299.0,5.304348,580,31,0.05344827586206897,-0.018950425,1
2019,S.Darnold,484,-9.172006,-0.018950425,13,33,3755.0,273.0,475,1478.0,0.026859504132231406,0.06818181818181818,7.905263157894737,5.4139194,NYJ,484,584,52,0.08904109589041095,1753.0,323.0,5.4272447,584,65,0.1113013698630137,-0.17575583,2
2020,S.Darnold,424,-74.52047,-0.17575583,11,35,2795.0,217.0,398,1158.0,0.025943396226415096,0.08254716981132075,7.022613065326633,5.3364058,NYJ,424,572,43,0.07517482517482517,1516.0,292.0,5.191781,572,50,0.08741258741258741,-0.14893937,3
2021,S.Darnold,465,-69.256805,-0.14893937,13,35,2932.0,243.0,442,1385.0,0.02795698924731183,0.07526881720430108,6.633484162895928,5.6995883,CAR,465,683,52,0.07613469985358712,1831.0,348.0,5.261494,683,77,0.11273792093704246,0.17924431,4
2022,S.Darnold,156,27.962112,0.17924431,3,10,1140.0,82.0,147,529.0,0.019230769230769232,0.0641025641025641,7.755102040816326,6.4512196,CAR,156,510,36,0.07058823529411765,1714.0,267.0,6.4194756,510,64,0.12549019607843137,0.083829984,5
2024,S.Darnold,621,52.058422,0.083829984,12,48,4607.0,361.0,593,1752.0,0.01932367149758454,0.07729468599033816,7.768971332209106,4.8531857,MIN,621,626,49,0.07827476038338659,1793.0,364.0,4.925824,626,75,0.11980830670926518,0.13409929,6
2025,S.Darnold,516,69.19524,0.13409929,14,27,3744.0,323.0,502,1778.0,0.027131782945736434,0.05232558139534884,7.45816733067729,5.504644,SEA,516,520,27,0.051923076923076926,1794.0,325.0,5.52,520,48,0.09230769230769231,,7
2023,S.Howell,711,-94.34939,-0.13269956,21,65,4588.0,388.0,679,2019.0,0.029535864978902954,0.09142053445850915,6.75699558173785,5.203608,WAS,711,737,65,0.08819538670284939,2092.0,407.0,5.140049,737,51,0.06919945725915876,,1
2024,S.Rattler,264,-73.88419,-0.27986437,5,22,1834.0,130.0,250,642.0,0.01893939393939394,0.08333333333333333,7.336,4.9384613,NO,264,618,37,0.059870550161812294,1836.0,340.0,5.4,618,69,0.11165048543689321,-0.09729999,1
2025,S.Rattler,288,-28.022398,-0.09729999,5,18,2030.0,174.0,272,642.0,0.017361111111111112,0.0625,7.463235294117647,3.689655,NO,288,671,49,0.07302533532041729,1696.0,397.0,4.2720404,671,149,0.22205663189269748,,2
2025,S.Sanders,253,-60.42563,-0.23883648,10,23,1525.0,120.0,235,809.0,0.039525691699604744,0.09090909090909091,6.48936170212766,6.741667,CLE,253,641,51,0.07956318252730109,1711.0,323.0,5.2972136,641,69,0.10764430577223089,,1
2023,T.Bagent,160,-22.277658,-0.13923536,6,5,814.0,94.0,149,498.0,0.0375,0.03125,5.4630872483221475,5.2978725,CHI,160,621,50,0.08051529790660225,1722.0,321.0,5.364486,621,49,0.07890499194847021,,1
2018,T.Brady,595,88.94389,0.14948553,11,21,4487.0,375.0,590,2121.0,0.018487394957983194,0.03529411764705882,7.605084745762712,5.656,NE,595,599,21,0.035058430717863104,2176.0,378.0,5.7566137,599,45,0.07512520868113523,0.02740094,1
2019,T.Brady,645,17.673607,0.02740094,8,27,4613.0,373.0,642,1863.0,0.012403100775193798,0.04186046511627907,7.185358255451713,4.994638,NE,645,653,28,0.042879019908116385,1933.0,378.0,5.1137567,653,61,0.09341500765696784,0.18685189,2
2020,T.Brady,633,118.277245,0.18685189,12,21,5532.0,401.0,629,1810.0,0.018957345971563982,0.03317535545023697,8.794912559618442,4.5137157,TB,633,652,22,0.03374233128834356,1890.0,410.0,4.609756,652,32,0.049079754601226995,0.18818134,3
2021,T.Brady,750,141.136,0.18818134,12,22,5804.0,485.0,740,2534.0,0.016,0.029333333333333333,7.8432432432432435,5.2247424,TB,750,763,23,0.03014416775884666,2573.0,492.0,5.229675,763,120,0.15727391874180865,0.048400268,4
2022,T.Brady,762,36.881004,0.048400268,9,22,5027.0,490.0,758,2278.0,0.011811023622047244,0.028871391076115485,6.6319261213720315,4.6489797,TB,762,780,22,0.028205128205128206,2335.0,499.0,4.6793585,780,194,0.24871794871794872,,5
2019,T.Bridgewater,220,21.619507,0.09827048,2,12,1212.0,133.0,208,748.0,0.00909090909090909,0.05454545454545454,5.826923076923077,5.62406,NO,220,616,25,0.040584415584415584,2257.0,418.0,5.3995214,616,23,0.037337662337662336,0.09535411,1
2020,T.Bridgewater,560,53.3983,0.09535411,11,31,3507.0,340.0,523,1881.0,0.019642857142857142,0.055357142857142855,6.705544933078394,5.532353,CAR,560,624,36,0.057692307692307696,2029.0,373.0,5.439678,624,22,0.035256410256410256,0.119416356,2
2021,T.Bridgewater,475,56.72277,0.119416356,7,31,3424.0,285.0,460,1387.0,0.014736842105263158,0.06526315789473684,7.443478260869565,4.866667,DEN,475,605,40,0.06611570247933884,1744.0,354.0,4.9265537,605,41,0.06776859504132231,,3
2023,T.DeVito,237,-52.24359,-0.2204371,3,37,1149.0,114.0,215,583.0,0.012658227848101266,0.15611814345991562,5.344186046511628,5.114035,NYG,237,668,85,0.12724550898203593,1601.0,338.0,4.736686,668,108,0.16167664670658682,,1
2021,T.Heinicke,572,-29.838726,-0.052165605,15,38,3779.0,321.0,532,1747.0,0.026223776223776224,0.06643356643356643,7.103383458646617,5.4423676,WAS,572,635,43,0.06771653543307087,1896.0,356.0,5.325843,635,50,0.07874015748031496,-0.040632218,1
2022,T.Heinicke,289,-11.742711,-0.040632218,6,19,2146.0,161.0,276,772.0,0.020761245674740483,0.0657439446366782,7.77536231884058,4.795031,WAS,289,635,48,0.07559055118110236,1673.0,344.0,4.8633723,635,71,0.11181102362204724,0.06507789,2
2023,T.Heinicke,155,10.087073,0.06507789,4,8,1136.0,74.0,142,508.0,0.025806451612903226,0.05161290322580645,8.0,6.864865,ATL,155,602,40,0.0664451827242525,1769.0,327.0,5.4097857,602,115,0.19102990033222592,,3
2020,T.Hill,152,10.93721,0.07195533,2,14,843.0,88.0,135,372.0,0.013157894736842105,0.09210526315789473,6.2444444444444445,4.2272725,NO,152,570,29,0.05087719298245614,1911.0,370.0,5.164865,570,30,0.05263157894736842,-0.028708974,1
2021,T.Hill,157,-4.507309,-0.028708974,5,9,991.0,78.0,141,521.0,0.03184713375796178,0.05732484076433121,7.028368794326241,6.679487,NO,157,581,37,0.06368330464716007,1687.0,293.0,5.757679,581,32,0.055077452667814115,,2
2021,T.Huntley,230,-15.781236,-0.068614066,4,18,1407.0,122.0,205,446.0,0.017391304347826087,0.0782608695652174,6.863414634146341,3.6557376,BAL,230,743,57,0.07671601615074024,1717.0,396.0,4.335859,743,64,0.08613728129205922,-0.09984556,1
2024,T.Huntley,164,-16.374672,-0.09984556,3,15,1036.0,86.0,149,354.0,0.018292682926829267,0.09146341463414634,6.953020134228188,4.116279,MIA,164,660,43,0.06515151515151515,2235.0,413.0,5.411622,660,48,0.07272727272727272,,2
2021,T.Lawrence,668,-59.912003,-0.08968863,17,32,4738.0,359.0,636,1634.0,0.025449101796407185,0.04790419161676647,7.449685534591195,4.5515323,JAX,668,670,32,0.04776119402985075,1640.0,361.0,4.5429363,670,76,0.11343283582089553,0.14476174,1
2022,T.Lawrence,639,92.502754,0.14476174,8,27,4295.0,387.0,615,2020.0,0.012519561815336464,0.04225352112676056,6.983739837398374,5.2196383,JAX,639,652,28,0.04294478527607362,2040.0,394.0,5.1776648,652,35,0.05368098159509203,-0.010166041,2
2023,T.Lawrence,643,-6.536764,-0.010166041,14,35,4613.0,370.0,602,1786.0,0.02177293934681182,0.05443234836702955,7.662790697674419,4.827027,JAX,643,710,41,0.057746478873239436,1945.0,412.0,4.720874,710,54,0.07605633802816901,0.009569804,3
2024,T.Lawrence,318,3.0431976,0.009569804,7,18,2659.0,172.0,305,846.0,0.0220125786163522,0.05660377358490566,8.718032786885246,4.918605,JAX,318,611,32,0.05237315875613748,1754.0,343.0,5.113703,611,71,0.11620294599018004,0.07974416,4
2025,T.Lawrence,643,51.275494,0.07974416,12,41,4876.0,341.0,600,1631.0,0.01866251944012442,0.06376360808709176,8.126666666666667,4.7829914,JAX,643,646,41,0.06346749226006192,1646.0,344.0,4.7848835,646,61,0.09442724458204334,,5
2025,T.Shough,376,-1.8274646,-0.004860278,6,31,2709.0,221.0,356,1051.0,0.015957446808510637,0.08244680851063829,7.609550561797753,4.7556562,NO,376,671,49,0.07302533532041729,1696.0,397.0,4.2720404,671,149,0.22205663189269748,,1
2021,T.Siemian,204,-9.529917,-0.04671528,3,9,1329.0,108.0,201,507.0,0.014705882352941176,0.04411764705882353,6.611940298507463,4.6944447,NO,204,581,37,0.06368330464716007,1687.0,293.0,5.757679,581,32,0.055077452667814115,-0.3436765,1
2023,T.Siemian,167,-57.393974,-0.3436765,4,8,814.0,86.0,161,471.0,0.023952095808383235,0.04790419161676647,5.055900621118012,5.476744,NYJ,167,695,64,0.0920863309352518,1782.0,356.0,5.005618,695,86,0.1237410071942446,,2
2020,T.Tagovailoa,326,-10.7633505,-0.033016413,5,20,2175.0,186.0,310,766.0,0.015337423312883436,0.06134969325153374,7.016129032258065,4.1182795,MIA,326,627,34,0.05422647527910686,1654.0,370.0,4.47027,627,95,0.15151515151515152,0.063503034,1
2021,T.Tagovailoa,427,27.115795,0.063503034,10,20,2735.0,263.0,409,1231.0,0.0234192037470726,0.0468384074941452,6.687041564792176,4.6806083,MIA,427,688,40,0.05813953488372093,1739.0,404.0,4.3044553,688,84,0.12209302325581395,0.21764323,2
2022,T.Tagovailoa,431,93.80423,0.21764323,8,21,3833.0,259.0,421,1274.0,0.018561484918793503,0.048723897911832945,9.104513064133016,4.918919,MIA,431,638,35,0.054858934169279,1789.0,368.0,4.861413,638,30,0.047021943573667714,0.17426853,3
2023,T.Tagovailoa,605,105.43246,0.17426853,14,29,4283.0,388.0,589,2176.0,0.023140495867768594,0.047933884297520664,7.271646859083192,5.6082473,MIA,605,613,31,0.05057096247960848,2227.0,393.0,5.6666665,613,34,0.05546492659053834,0.22099315,4
2024,T.Tagovailoa,428,94.58507,0.22099315,7,21,2271.0,291.0,421,1708.0,0.016355140186915886,0.04906542056074766,5.394299287410926,5.8694158,MIA,428,660,43,0.06515151515151515,2235.0,413.0,5.411622,660,48,0.07272727272727272,0.016043603,5
2025,T.Tagovailoa,426,6.8345747,0.016043603,15,30,2613.0,260.0,415,1410.0,0.035211267605633804,0.07042253521126761,6.296385542168674,5.423077,MIA,426,533,38,0.07129455909943715,1800.0,322.0,5.590062,533,29,0.054409005628517824,,6
2023,T.Taylor,218,2.7352562,0.012547047,3,17,1542.0,116.0,192,578.0,0.013761467889908258,0.0779816513761468,8.03125,4.9827585,NYG,218,668,85,0.12724550898203593,1601.0,338.0,4.736686,668,108,0.16167664670658682,-0.048091605,1
2025,T.Taylor,169,-8.127481,-0.048091605,5,14,1145.0,80.0,147,331.0,0.029585798816568046,0.08284023668639054,7.789115646258503,4.1375,NYJ,169,613,60,0.09787928221859707,1323.0,298.0,4.439597,613,65,0.10603588907014681,,2
2023,W.Levis,291,-5.5416183,-0.019043362,4,28,2688.0,149.0,282,746.0,0.013745704467353952,0.09621993127147767,9.53191489361702,5.0067115,TEN,291,576,64,0.1111111111111111,1596.0,304.0,5.25,576,32,0.05555555555555555,-0.16353877,1
2024,W.Levis,364,-59.528114,-0.16353877,12,41,2621.0,190.0,344,933.0,0.03296703296703297,0.11263736263736264,7.619186046511628,4.9105263,TEN,364,615,52,0.08455284552845528,1597.0,336.0,4.7529764,615,63,0.1024390243902439,,2
2021,Z.Wilson,445,-86.091354,-0.19346371,11,44,2885.0,213.0,429,1077.0,0.024719101123595506,0.09887640449438202,6.724941724941725,5.056338,NYJ,445,680,53,0.07794117647058824,1962.0,357.0,5.495798,680,78,0.11470588235294117,-0.10381136,1
2022,Z.Wilson,278,-28.859558,-0.10381136,7,23,2189.0,132.0,265,810.0,0.025179856115107913,0.08273381294964029,8.260377358490565,6.1363635,NYJ,278,688,42,0.061046511627906974,1843.0,357.0,5.162465,688,72,0.10465116279069768,-0.24791488,2
2023,Z.Wilson,438,-108.586716,-0.24791488,7,46,2672.0,221.0,413,1113.0,0.01598173515981735,0.1050228310502283,6.469733656174334,5.036199,NYJ,438,695,64,0.0920863309352518,1782.0,356.0,5.005618,695,86,0.1237410071942446,,3
