season,qb_name,team,dropbacks,QBVision_Rating,next_QBVision_Rating,epa_per_db,context_pred_epa_per_db,skill_residual,int_rate,sack_rate,ay_per_att,yac_per_comp,team_sack_rate_allowed,team_yac_per_comp,team_no_huddle_rate,efficiency_score,decision_score,explosiveness_score,mobility_score
2018,A.Dalton,CIN,396,50.0370856632848,42.056903115865026,0.06436446,0.04479627872855599,0.01956818127144401,0.0277777777777777,0.053030303030303,7.674479166666667,5.0530972,0.0613598673300165,4.978852,0.033167495854063,0.08416873567712424,-0.27597070027793447,0.10625951724227364,0.0
2019,A.Dalton,CIN,570,42.056903115865026,38.634966948274254,-0.032146405,0.008325679616519064,-0.04047208461651906,0.0245614035087719,0.0649122807017543,7.639285714285714,4.9267516,0.0711111111111111,4.924157,0.0429629629629629,-0.6265380053896361,-0.32040384390006243,0.03013802089759009,0.0
2020,A.Dalton,DAL,372,38.634966948274254,36.539282692296304,-0.02319679,0.024301265391428892,-0.04749805539142889,0.021505376344086,0.064516129032258,6.411764705882353,4.828704,0.0621468926553672,4.9878936,0.1779661016949152,-0.7009530379937561,-0.32041206134246997,-1.042350342041584,0.0
2021,A.Dalton,CHI,268,36.539282692296304,51.41948921092678,-0.10346177,-0.06327817545206249,-0.040183594547937504,0.0335820895522388,0.0671641791044776,6.4140625,5.04698,0.0880121396054628,4.8192773,0.1213960546282245,-0.9667374444154151,-1.0357211832621136,-1.3215503479785287,0.0
2022,A.Dalton,NO,415,51.41948921092678,27.947152120536753,0.018560724,0.005634959094564414,0.012925764905435587,0.0216867469879518,0.0602409638554216,7.378712871287129,5.230159,0.0673758865248227,4.7988167,0.1046099290780141,-0.02168625719443197,-0.12427726549292686,0.15915334415012103,0.0
2024,A.Dalton,CAR,174,27.947152120536753,,-0.14934948,0.006143462995003318,-0.15549294299500332,0.0344827586206896,0.0402298850574712,6.321428571428571,4.3301888,0.0573248407643312,4.1964808,0.090764331210191,-1.2551567746486754,-0.57323218384153,-0.91709272707253,0.0
2018,A.Luck,IND,679,56.28499952110968,,0.1416683,0.12439304411824612,0.01727525588175388,0.0220913107511045,0.0265095729013254,7.249240121580547,4.5930233,0.0263157894736842,4.5740743,0.1330409356725146,0.7183554285029456,0.5897978385102121,-0.38938444728271093,0.0
2023,A.O'Connell,LV,367,46.378517335498664,55.00775836923374,-0.06031916,0.0033097917047566275,-0.06362895170475663,0.0190735694822888,0.0653950953678474,6.978201634877384,4.9671364,0.066006600660066,4.6149426,0.0759075907590759,-0.28249308663784195,0.21533503001940224,-0.2209936828376722,0.0
2024,A.O'Connell,LV,257,55.00775836923374,,0.019702462,0.0025945546284461447,0.017107907371553856,0.0155642023346303,0.0389105058365758,7.562992125984252,4.746753,0.0711237553342816,5.0268292,0.1337126600284495,-0.017211068286136867,0.7811281363762925,0.3076223231982642,0.0
2024,A.Richardson,IND,298,37.13558299609875,,-0.11729841,0.054470624486278485,-0.1717690344862785,0.0402684563758389,0.046979865771812,11.63898916967509,6.15873,0.0562390158172231,5.0415225,0.117750439367311,-1.0590534403209504,-1.1036730738312897,4.33456351206017,0.0
2018,A.Rodgers,GB,680,63.634273290136235,57.64397565285065,0.11285274,0.033041145018804716,0.07981159498119529,0.0029411764705882,0.0720588235294117,8.10046367851623,5.736559,0.0726027397260273,5.604592,0.1150684931506849,0.48891009706402444,1.2197989260544007,0.6362537322295736,0.0
2019,A.Rodgers,GB,632,57.64397565285065,76.68635481596169,0.09774468,0.10116370562548085,-0.0034190256254808538,0.0063291139240506,0.0569620253164556,8.26072607260726,5.7223797,0.0566037735849056,5.7134833,0.0424528301886792,0.4466056420262152,1.0138261688198993,0.8172114960954182,0.0
2020,A.Rodgers,GB,567,76.68635481596169,78.80539184876784,0.34095463,0.18528865703111763,0.15566597296888235,0.0088183421516754,0.0352733686067019,7.615101289134438,6.0430107,0.0369718309859154,6.0430107,0.0369718309859154,2.0692746845105474,1.507661321411791,0.6047698177662075,0.0
2021,A.Rodgers,GB,295,78.80539184876784,43.00748033107375,0.3136429,0.1349578428084681,0.1786850571915319,0.0033898305084745,0.0440677966101694,6.888501742160279,6.1968913,0.0510046367851622,5.9950247,0.0479134466769706,2.0339221672105143,1.6578524722495274,-0.3644989390711755,0.0
2022,A.Rodgers,GB,588,43.00748033107375,44.121406529938,-0.0062527736,0.1002475522572556,-0.10650032585725559,0.0204081632653061,0.0544217687074829,7.525217391304348,5.4257145,0.0526315789473684,5.5384617,0.0740131578947368,-0.21130785490006265,0.136136565361466,0.3474728493761686,0.0
2024,A.Rodgers,NYJ,643,44.121406529938,42.28203483626359,0.0069039003,0.08214159156965121,-0.07523769126965121,0.0171073094867807,0.062208398133748,6.401913875598086,5.7663045,0.059612518628912,5.6883116,0.1028315946348733,-0.14770133392738827,0.24588220593339394,-0.6391916154479381,0.0
2025,A.Rodgers,PIT,539,42.28203483626359,,0.03182916,0.14825227552237222,-0.11642311552237222,0.0129870129870129,0.0538033395176252,5.71157495256167,6.480122,0.0521885521885521,6.50137,0.1397306397306397,0.019294867730910686,0.6579798198284907,-1.2809718831651045,0.0
2018,A.Smith,WAS,370,47.63057057221225,18.917686165085982,-0.023299588,-0.009344122470175187,-0.013955465529824813,0.0135135135135135,0.0594594594594594,7.593123209169055,4.756098,0.074074074074074,4.858521,0.0757575757575757,-0.5320108603913468,0.6593409133900389,-0.0200013872177439,0.0
2020,A.Smith,WAS,277,18.917686165085982,,-0.13708828,0.030814931368839622,-0.16790321136883962,0.0288808664259927,0.0794223826714801,4.693430656934306,5.6488094,0.07451564828614,5.622108,0.0909090909090909,-1.5874912924936087,-1.3364078354242053,-2.938931977178159,0.0
2021,Aa.Rodgers,GB,281,63.083061629249556,,0.16953528,0.1349578428084681,0.03457743719153192,0.0106761565836298,0.0604982206405693,7.746323529411764,5.6705203,0.0510046367851622,5.9950247,0.0479134466769706,0.9932811529835388,0.7464562406520455,0.7877425946023795,0.0
2020,B.Allen,CIN,154,32.34707563021233,,-0.106277,-0.005411453454221664,-0.10086554654577834,0.0259740259740259,0.0454545454545454,6.308724832214765,6.188889,0.073959938366718,4.8172045,0.0292758089368258,-1.2952350468798204,-0.3088774717661286,-0.9222916935867203,0.0
2018,B.Bortles,JAX,475,35.885439563804724,,-0.07458917,0.005404909760368025,-0.07999407976036801,0.0231578947368421,0.0652631578947368,6.626146788990826,6.0576134,0.0821705426356589,5.5471125,0.0589147286821705,-0.9514902428593179,-0.14507403518055212,-0.7939269065104058,0.0
2025,B.Cook,NYJ,180,1.3023878798840514,,-0.3876635,-0.11546131633067672,-0.27220218366932325,0.0388888888888888,0.1055555555555555,5.011560693641618,4.7386365,0.097879282218597,4.439597,0.1060358890701468,-3.110255369076654,-2.0855533037579224,-2.2883703908678212,0.0
2018,B.Mayfield,CLE,532,50.464672485651285,38.56773630523443,0.056022562,0.07465107091261464,-0.01862850891261464,0.0263157894736842,0.0469924812030075,8.766990291262136,5.4774194,0.0590979782270606,5.4192634,0.0544323483670295,0.03681966861244164,-0.0666122237298567,1.2656794562899223,0.0
2019,B.Mayfield,CLE,591,38.56773630523443,63.839970387516566,-0.011350501,0.06038482059776609,-0.07173532159776609,0.0355329949238578,0.0676818950930626,7.867595818815331,5.741325,0.0686767169179229,5.7389936,0.0619765494137353,-0.5060615123408481,-1.0850768524008518,0.4025353477874132,0.0
2020,B.Mayfield,CLE,533,63.839970387516566,45.806071744278555,0.16940716,0.05871108320218185,0.11069607679781815,0.0150093808630394,0.048780487804878,8.13976377952756,4.462295,0.0474452554744525,4.463492,0.052919708029197,0.7640324301371885,0.6326230004324662,0.9466274957900133,0.0
2021,B.Mayfield,CLE,487,45.806071744278555,20.376318006806272,-0.016615497,-0.0027412315976856755,-0.013874265402314324,0.0266940451745379,0.0882956878850102,7.91991341991342,5.41502,0.0816666666666666,5.459375,0.0966666666666666,-0.380123424133617,-1.0567642430516269,0.9878511441702751,0.0
2022,B.Mayfield,CAR,386,20.376318006806272,60.94910814205356,-0.14124799,0.08481342839242417,-0.22606141839242416,0.0207253886010362,0.0932642487046632,6.134770889487871,5.626866,0.0705882352941176,6.4194756,0.1254901960784313,-1.3985542380939686,-0.6996502108488272,-1.1093584976922712,0.0
2023,B.Mayfield,TB,639,60.94910814205356,61.2168365052295,0.0728227,0.05005544824912656,0.022767251750873442,0.0156494522691705,0.0625978090766823,7.954022988505747,5.2939563,0.0624024960998439,5.2939563,0.1060842433697348,0.6431258202986937,0.48115398664687686,0.8492393333142629,0.0
2024,B.Mayfield,TB,654,61.2168365052295,50.7763687584402,0.19428301,0.09689847333418652,0.09738453666581348,0.0244648318042813,0.0611620795107033,6.488562091503268,5.970516,0.0610687022900763,5.97549,0.0778625954198473,1.1403629225374738,-0.2522712545431323,-0.5290465223274838,0.0
2025,B.Mayfield,TB,626,50.7763687584402,,0.059431825,0.08600664182738305,-0.026574816827383045,0.0175718849840255,0.0575079872204472,7.544520547945205,5.606414,0.0590062111801242,5.6267805,0.0605590062111801,0.19544117996944954,0.27585589552223555,0.5026472321030787,0.0
2024,B.Nix,DEN,641,48.991750428325126,54.718375252154864,0.059298083,0.13762431296332556,-0.07832622996332556,0.0187207488299532,0.0374414976599064,6.964467005076142,5.505319,0.0372093023255813,5.5118732,0.1674418604651162,0.25221583576943923,0.5860942550690199,-0.14762821972552226,0.0
2025,B.Nix,DEN,674,54.718375252154864,,0.1177451,0.14201096669013719,-0.02426586669013718,0.016320474777448,0.0326409495548961,7.032915360501567,5.39433,0.0340236686390532,5.39433,0.1627218934911242,0.6513797505220009,0.8327308245715529,-0.06686707117089258,0.0
2018,B.Osweiler,MIA,199,44.20655176373617,,-0.03757643,-0.0481707185505471,0.010594288550547101,0.0201005025125628,0.0854271356783919,7.302564102564102,5.920354,0.1005802707930367,5.89726,0.1605415860735009,-0.7009817890227266,-0.2629808362240795,-0.13624900172460355,0.0
2022,B.Purdy,SF,187,60.65124873765218,79.75153703146127,0.1973795,0.15552219464486425,0.041857305355135765,0.0213903743315508,0.0588235294117647,6.171270718232044,6.1929827,0.0557553956834532,6.6153846,0.0413669064748201,1.4579987127201346,-0.06250024863235468,-0.9793224851698844,0.0
2023,B.Purdy,SF,486,79.75153703146127,65.71354517359889,0.31149837,0.12794382315806743,0.1835545468419326,0.022633744855967,0.0576131687242798,7.754797441364605,6.603896,0.0628465804066543,6.514881,0.0295748613678373,2.2646026288721703,0.10394136860236071,0.8463836305652226,0.0
2024,B.Purdy,SF,526,65.71354517359889,62.77888114763156,0.18404524,0.0679023908130538,0.1161428491869462,0.0228136882129277,0.05893536121673,8.101659751037344,5.4066668,0.0588235294117647,5.269341,0.0473856209150326,1.0772544171739618,-0.0953899550926091,0.9064846284078232,0.0
2025,B.Purdy,SF,316,62.77888114763156,,0.2018004,0.07602752352634523,0.12577287647365476,0.0316455696202531,0.0348101265822784,7.241610738255034,4.208122,0.0429252782193958,4.4874372,0.0445151033386327,1.1981066168670136,-0.25076398748665973,-0.03462550737982993,0.0
2018,B.Roethlisberger,PIT,713,58.29348069131255,47.58450489640579,0.19015749,0.18017434768394625,0.009983142316053767,0.0224403927068723,0.0336605890603085,7.4950071326676175,6.10177,0.0329218106995884,6.050109,0.1851851851851851,1.0648373000229716,0.44304785552170955,0.0840258785004691,0.0
2020,B.Roethlisberger,PIT,628,47.58450489640579,39.23448681644494,0.07373048,0.15850341785132677,-0.08477293785132677,0.0159235668789808,0.0207006369426751,6.76,4.867168,0.0206185567010309,4.8060746,0.1163475699558173,0.10294233525246499,1.1747463509937424,-0.6214943870725513,0.0
2021,B.Roethlisberger,PIT,649,39.23448681644494,,-0.06933047,0.04572384347822408,-0.11505431347822409,0.0154083204930662,0.0585516178736517,6.298761609907121,4.923077,0.0535211267605633,4.804706,0.1507042253521126,-0.6655750734090936,0.45828742920809995,-1.5196195597059174,0.0
2023,B.Young,CAR,620,34.48874872190849,47.03856475060622,-0.22815792,-0.12610064161398235,-0.10205727838601764,0.0161290322580645,0.1,6.806451612903226,4.126984,0.0951683748169839,4.1114287,0.1127379209370424,-1.4761455967600892,-0.12726944766929443,-0.5319544381363575,0.0
2024,B.Young,CAR,451,47.03856475060622,42.70637662890182,-0.027281808,0.006143462995003318,-0.03342527099500332,0.0199556541019955,0.0643015521064301,8.11111111111111,4.1410255,0.0573248407643312,4.1964808,0.090764331210191,-0.39802912818103237,0.007270331168565655,0.7370643018111113,0.0
2025,B.Young,CAR,539,42.70637662890182,,-0.011933797,0.04357307679386105,-0.055506873793861045,0.0204081632653061,0.0500927643784786,6.128458498023716,5.0625,0.0598290598290598,4.951368,0.07008547008547,-0.306778954739741,0.22362157350321432,-1.0669234221421273,0.0
2023,B.Zappe,NE,246,10.916378123005671,,-0.3264121,0.00020473543548697043,-0.326616835435487,0.0365853658536585,0.1016260162601626,7.135593220338983,5.015748,0.0765550239234449,5.25641,0.1148325358851674,-2.2101679433415398,-1.4825036172840775,-0.04901680256862768,0.0
2018,C.Beathard,SF,200,15.904309295007522,,-0.14200905,0.09159306074863238,-0.23360211074863238,0.035,0.09,5.8994708994709,7.1372547,0.0804020100502512,6.9969788,0.0770519262981574,-1.5285134444445356,-1.431257358365726,-1.360249194838519,0.0
2018,C.Keenum,DEN,632,38.86822848986023,46.586521662922024,-0.02989786,0.05431953807800743,-0.08421739807800743,0.0237341772151898,0.0537974683544303,7.046774193548387,4.9123287,0.0536277602523659,4.920981,0.1324921135646687,-0.6031672978654472,0.007055257731588327,-0.5443904683943397,0.0
2019,C.Keenum,WAS,265,46.586521662922024,,-0.030177921,-0.06456711353205638,0.034389192532056384,0.0188679245283018,0.0566037735849056,6.49236641221374,5.0,0.0912408759124087,4.8791947,0.0748175182481751,-0.5789731151228883,0.2067756387711518,-1.1767742342177385,0.0
2018,C.Kessler,JAX,168,20.224227950130786,,-0.17958501,0.005404909760368025,-0.18498991976036802,0.0119047619047619,0.1309523809523809,5.751633986928105,4.0588236,0.0821705426356589,5.5471125,0.0589147286821705,-1.803109676438035,-0.434532511101284,-1.9715699093547674,0.0
2022,C.McCoy,ARI,153,14.845654972057716,,-0.2356594,-0.007744577617197997,-0.227914822382802,0.0196078431372549,0.0849673202614379,5.524137931034483,4.088889,0.0610889774236387,4.752887,0.351925630810093,-2.158637816542896,-0.4058304409944782,-2.0104088759456062,0.0
2018,C.Newton,CAR,527,46.32019520738742,36.936358953584936,0.06921712,0.09532171727149322,-0.026104597271493224,0.0246679316888045,0.0550284629981024,6.746506986027944,5.446875,0.0511182108626198,5.4312167,0.1038338658146964,0.12644962423065428,-0.08216658491584564,-0.7650963932064322,0.0
2020,C.Newton,NE,418,36.936358953584936,,-0.027901033,0.010933925635757104,-0.0388349586357571,0.0239234449760765,0.0741626794258373,6.271356783919598,5.198347,0.0741482965931863,5.4204946,0.1663326653306613,-0.7590951416319112,-0.7597522004565456,-1.1433561247655295,0.0
2022,C.Rush,DAL,170,36.846762193032184,36.25954647110475,-0.093690865,0.06553763431908993,-0.15922849931908994,0.0176470588235294,0.0411764705882352,7.422619047619047,4.8404255,0.045,4.6957746,0.1666666666666666,-0.8989780375964432,0.712496572812616,0.14356640619578173,0.0
2024,C.Rush,DAL,325,36.25954647110475,,-0.10414739,0.06271484385799458,-0.1668622338579946,0.0153846153846153,0.04,6.657320872274143,5.037433,0.0553129548762736,5.1005025,0.1033478893740902,-0.8829881362317292,0.7737989031115915,-0.5020020464366766,0.0
2023,C.Stroud,HOU,557,69.00556915748612,49.13997065798167,0.108176515,0.02260618607341125,0.08557032892658875,0.0089766606822262,0.0682226211849192,8.397003745318353,5.523511,0.0712121212121212,5.327957,0.109090909090909,0.8957262096261032,0.8282317978906064,1.3477971777061162,0.0
2024,C.Stroud,HOU,620,49.13997065798167,58.665388502682646,-0.007046945,-0.030465908550735936,0.023418963550735937,0.0193548387096774,0.0838709677419354,7.588336192109777,4.952381,0.0815709969788519,4.910364,0.0709969788519637,-0.2857415841126488,-0.3089385234100261,0.36039231742665906,0.0
2025,C.Stroud,HOU,471,58.665388502682646,,0.1115211,0.05872914139696805,0.05279195860303195,0.0169851380042462,0.048832271762208,7.634529147982063,5.0,0.0478395061728395,4.489011,0.0540123456790123,0.5798205293068228,0.48035323576993727,0.5016479422753845,0.0
2025,C.Ward,TEN,615,33.31000146983587,,-0.16715382,-0.061952353016217744,-0.10520146698378227,0.0113821138211382,0.089430894308943,6.599662162162162,4.7894735,0.0866873065015479,4.785294,0.1300309597523219,-1.441603630908234,0.09123709349683007,-0.6160118811412003,0.0
2018,C.Wentz,PHI,447,54.34897679495312,52.3014520572605,0.09044598,0.04817470133227594,0.04227127866772405,0.0156599552572706,0.0693512304250559,7.238979118329467,4.9892473,0.0610687022900763,5.0971565,0.0671755725190839,0.2880067500115656,0.33455832604026015,-0.34007317892881817,0.0
2019,C.Wentz,PHI,673,52.3014520572605,32.03816832077209,0.037497655,0.037784274959633914,-0.00028661995963391584,0.0104011887072808,0.0549777117384844,7.57984496124031,4.652062,0.0544918998527245,4.6547313,0.1207658321060382,-0.027442858831204585,0.7871712065893841,-0.07679505739741872,0.0
2020,C.Wentz,PHI,514,32.03816832077209,50.785334666176595,-0.13026316,-0.09784526280934422,-0.03241789719065577,0.0291828793774319,0.0972762645914396,7.865853658536586,3.9681275,0.0906555090655509,4.4371257,0.1534170153417015,-1.5677299635701796,-1.7629285858197647,0.5328685103966196,0.0
2021,C.Wentz,IND,578,50.785334666176595,31.1325096475067,0.0236761,0.06820671793638974,-0.044530617936389745,0.0121107266435986,0.0553633217993079,7.132246376811594,5.1242237,0.0548885077186964,5.0833335,0.0634648370497427,-0.009405423865660519,0.7685050622211275,-0.24194017960283268,0.0
2022,C.Wentz,WAS,321,31.1325096475067,52.954078549514485,-0.10921712,-0.01864670086506451,-0.09057041913493549,0.02803738317757,0.0809968847352024,6.948220064724919,4.8023257,0.0755905511811023,4.8633723,0.1118110236220472,-1.1368281841952106,-1.249727463094432,-0.37062791899223657,0.0
2025,C.Wentz,MIN,197,52.954078549514485,,0.042718034,-0.09674443356796103,0.13946246756796105,0.0253807106598984,0.0964467005076142,6.851063829787234,5.2090907,0.1043478260869565,5.1375837,0.1043478260869565,-0.0073622666929241964,-0.9939822018797998,-0.28657190087014206,0.0
2024,C.Williams,CHI,686,49.12627797631078,56.787947062381484,-0.049443677,-0.08582402461989747,0.03638034761989747,0.0087463556851311,0.0991253644314868,7.053459119496855,5.3162394,0.0985507246376811,5.3144474,0.2478260869565217,-0.5744292699255638,0.1575455966842646,-0.09068654533571355,0.0
2025,C.Williams,CHI,637,56.787947062381484,,0.10796475,0.1519800416712923,-0.04401529167129231,0.0109890109890109,0.0376766091051805,8.24915824915825,5.487879,0.0372670807453416,5.5389223,0.0652173913043478,0.5899151304992261,1.0998196127222615,1.2224895924650951,0.0
2019,D.Blough,DET,194,19.11304111505003,,-0.23839337,-0.015203641094641882,-0.2231897289053581,0.0309278350515463,0.0721649484536082,7.8936170212765955,3.5,0.0672926447574334,4.4011626,0.0923317683881064,-2.2491098247987638,-0.8712297878800921,0.07297594676613468,0.0
2018,D.Brees,NO,512,74.22751238750857,67.57448278826118,0.2807636,0.12823534011470492,0.1525282598852951,0.009765625,0.033203125,6.893700787401575,5.019231,0.0363636363636363,4.9816275,0.0254545454545454,1.7762414329260434,1.3787072375076765,-0.6818149904795192,0.0
2019,D.Brees,NO,386,67.57448278826118,57.123913558298426,0.24088845,0.13665550937867793,0.10423294062132207,0.0103626943005181,0.0310880829015544,6.282383419689119,5.320285,0.0405844155844155,5.3995214,0.0373376623376623,1.5812548849775885,1.2429265247482095,-1.348833526552526,0.0
2020,D.Brees,NO,404,57.123913558298426,,0.15154786,0.08744094942667896,0.06410691057332105,0.0148514851485148,0.0321782178217821,5.873134328358209,5.3745456,0.0508771929824561,5.164865,0.0526315789473684,0.660471127737521,1.0178539285240857,-1.5853589329620745,0.0
2018,D.Carr,LV,606,45.944303606922574,56.295598670349406,-0.0011360788,-0.028038800222999906,0.026902721422999907,0.0165016501650165,0.0841584158415841,6.317725752508361,5.233596,0.0852459016393442,5.222513,0.0967213114754098,-0.41771051781721147,0.021989368689240896,-1.2271689025697659,0.0
2019,D.Carr,LV,555,56.295598670349406,52.012750155565335,0.15151773,0.11662782538479508,0.034889904615204914,0.0144144144144144,0.0522522522522522,6.203327171903882,5.889197,0.0513274336283185,5.841962,0.1150442477876106,0.8432779868537472,0.5783976452934387,-1.3421605257424924,0.0
2020,D.Carr,LV,563,52.012750155565335,51.116801807417666,0.09342552,0.11825602233578222,-0.024830502335782226,0.0159857904085257,0.0461811722912966,7.746296296296296,5.62069,0.0464344941956882,5.5718155,0.1077943615257048,0.20561607318195518,0.6001934465469696,0.6854290777806483,0.0
2021,D.Carr,LV,683,51.116801807417666,50.41169044983976,0.03974845,0.06854581128951903,-0.028797361289519034,0.0204978038067349,0.0585651537335285,7.633633633633633,5.334112,0.0583090379008746,5.3403263,0.0874635568513119,0.0723863794752148,0.0976338405177692,0.5463795263167659,0.0
2022,D.Carr,LV,546,50.41169044983976,59.895981357600654,0.03059776,0.06603225872001783,-0.03543449872001783,0.0256410256410256,0.0494505494505494,8.650375939849624,4.9475408,0.0539291217257318,4.958217,0.049306625577812,0.0839166346745957,-0.33605074550776337,1.4756821148733774,0.0
2023,D.Carr,NO,590,59.895981357600654,64.67051857205686,0.05105284,0.027557064967069146,0.023495775032930856,0.0135593220338983,0.0525423728813559,7.366609294320138,4.5226665,0.0534351145038167,4.4310346,0.1282442748091603,0.5155509533455834,0.772249903527356,0.1149927042003063,0.0
2024,D.Carr,NO,298,64.67051857205686,,0.13748172,0.06373046624678581,0.07375125375321419,0.0167785234899328,0.0268456375838926,7.510344827586207,5.7513227,0.0598705501618122,5.4,0.1116504854368932,0.8203806646063454,0.9167395955458417,0.3996962260748898,0.0
2025,D.Gabriel,CLE,215,25.43103947816552,,-0.19060795,-0.00645853517870628,-0.1841494148212937,0.0093023255813953,0.0883720930232558,5.284313725490196,4.5454545,0.079563182527301,5.2972136,0.1076443057722308,-1.5999313869804919,0.2527815841091742,-2.032887833456605,0.0
2019,D.Haskins,WAS,246,24.07129414383799,22.50140352085205,-0.18656448,-0.06456711353205638,-0.12199736646794362,0.0284552845528455,0.1178861788617886,7.482905982905983,5.1680675,0.0912408759124087,4.8791947,0.0748175182481751,-1.9196948206834445,-1.578212444051176,-0.09755407803258795,0.0
2020,D.Haskins,WAS,269,22.50140352085205,,-0.15128724,0.030814931368839622,-0.1821021713688396,0.0260223048327137,0.0743494423791821,6.190839694656488,5.8445945,0.07451564828614,5.622108,0.0909090909090909,-1.6748004509114076,-0.9583555725190918,-1.1238352934564055,0.0
2019,D.Hodges,PIT,183,17.587643351257938,,-0.13508639,0.08979906099844275,-0.22488545099844276,0.0437158469945355,0.081967213114754,6.714285714285714,5.74,0.0569395017793594,5.546032,0.0480427046263345,-1.5104174414522367,-1.8872300444170014,-0.823052030112813,0.0
2019,D.Jones,NYG,527,38.84288179518868,44.32975899664707,-0.049914636,0.01866493149452291,-0.0685795674945229,0.0227703984819734,0.0721062618595825,7.378,4.8943663,0.063049853372434,4.805851,0.1173020527859237,-0.7700471407320155,-0.34064742158766326,-0.25263581686688397,0.0
2020,D.Jones,NYG,516,44.32975899664707,47.29750398633196,-0.047661208,-0.1243428519732705,0.0766816439732705,0.0193798449612403,0.0872093023255814,6.876518218623482,3.9785714,0.0840336134453781,3.9376948,0.3092436974789916,-0.9121505219282237,-0.6300747151510436,-0.6414327821300604,0.0
2021,D.Jones,NYG,406,47.29750398633196,60.3277816090628,-0.02912865,0.0015163353603204685,-0.030644985360320467,0.0172413793103448,0.0541871921182266,6.892950391644908,4.7327585,0.0574018126888217,4.6182337,0.3141993957703927,-0.3867510397022279,0.43357598022124366,-0.6828197170369859,0.0
2022,D.Jones,NYG,568,60.3277816090628,28.28862125055614,0.06076448,-0.029097578202809185,0.08986205820280918,0.0088028169014084,0.0774647887323943,5.898832684824903,5.0347004,0.0777777777777777,4.9075146,0.1571428571428571,0.3395038144606738,0.9355301177364796,-1.4571744976019956,0.0
2023,D.Jones,NYG,211,28.28862125055614,39.46068632137216,-0.24884245,-0.20228673976763104,-0.04655571023236896,0.0284360189573459,0.1421800947867298,5.738219895287958,4.0740743,0.1272455089820359,4.736686,0.1616766467065868,-1.7179482115851594,-1.5784893624334009,-1.6557843368371121,0.0
2024,D.Jones,NYG,386,39.46068632137216,60.09936733740281,-0.084655516,-0.01900881010142373,-0.06564670589857627,0.0181347150259067,0.0751295336787564,6.762803234501348,4.3703704,0.0717488789237668,4.7459016,0.1614349775784753,-0.8102005682784451,-0.06303281251442658,-0.49690898639294734,0.0
2025,D.Jones,IND,431,60.09936733740281,,0.15103118,0.08817578391174724,0.06285539608825275,0.0185614849187935,0.0510440835266821,7.515892420537897,5.1494255,0.0479338842975206,5.0194445,0.0578512396694214,0.8515525337664394,0.3311764230355141,0.400804133863661,0.0
2019,D.Lock,DEN,172,56.90933492276972,32.55161961038473,0.09056825,0.030525308391289814,0.06004294160871019,0.0174418604651162,0.0290697674418604,6.614906832298137,5.5,0.0724381625441696,5.451923,0.0706713780918728,0.40332607187667036,0.8217375463560094,-0.9668902402372409,0.0
2020,D.Lock,DEN,485,32.55161961038473,33.492394051175154,-0.08814104,0.0787521433047014,-0.1668931833047014,0.0309278350515463,0.0391752577319587,8.426724137931034,5.4881887,0.0519480519480519,5.119874,0.073051948051948,-1.1666281169762467,-0.6276196158922527,1.4707219353827745,0.0
2024,D.Lock,NYG,203,33.492394051175154,,-0.11882844,-0.01900881010142373,-0.09981962989857626,0.0246305418719211,0.0591133004926108,5.735751295336788,5.7102804,0.0717488789237668,4.7459016,0.1614349775784753,-1.0427345734374025,-0.22639508860322072,-1.2727198711710255,0.0
2024,D.Maye,NE,419,47.46790740154802,83.93278822394025,0.0056967842,-0.030760013939756352,0.03645679813975635,0.0238663484486873,0.081145584725537,6.612299465240642,5.2933335,0.081377151799687,4.9590645,0.1001564945226917,-0.2057847747053782,-0.5762289599906687,-0.5082346502746956,0.0
2025,D.Maye,NE,601,83.93278822394025,,0.31648362,-0.011660389826083584,0.3281440098260836,0.0133111480865224,0.0782029950083194,8.335807050092765,4.9322033,0.0783034257748776,4.969529,0.0342577487765089,1.9962708390787611,0.17304073663532968,1.2259453914237814,0.0
2021,D.Mills,HOU,434,34.23121632863351,25.719419647114712,-0.1266366,-0.0038945994307668375,-0.12274200056923315,0.0230414746543778,0.0714285714285714,6.7665094339622645,4.6844106,0.0717781402936378,4.867232,0.0962479608482871,-1.1028098393593901,-0.39211976946372296,-0.880603115747703,0.0
2022,D.Mills,HOU,528,25.719419647114712,43.36310113667581,-0.13298802,0.05526243895718311,-0.18825045895718312,0.0284090909090909,0.0587121212121212,7.307240704500979,5.219178,0.0592823712948517,5.2329545,0.1185647425897035,-1.2931111017723191,-0.8310291672648609,0.08084373134585658,0.0
2025,D.Mills,HOU,176,43.36310113667581,,-0.074425295,0.05872914139696805,-0.13315443639696806,0.0056818181818181,0.0454545454545454,8.04733727810651,2.956044,0.0478395061728395,4.489011,0.0540123456790123,-0.6986358295587108,1.3132330761628677,0.6129634152355528,0.0
2018,D.Prescott,DAL,611,54.225416695768885,68.12306001505735,0.048956543,-0.04605170914274843,0.09500825214274843,0.0130932896890343,0.0916530278232405,6.826460481099656,5.3146067,0.0915032679738562,5.3146067,0.1176470588235294,-0.04829835728365585,0.14449458426184997,-0.7048136178011255,0.0
2019,D.Prescott,DAL,640,68.12306001505735,60.09516123828256,0.19740164,0.10723199245546061,0.09016964754453938,0.0171875,0.0359375,9.053225806451612,4.8453608,0.0358814352574103,4.8453608,0.1419656786271451,1.215933798510436,0.7079459769013905,1.5194585343431317,0.0
2020,D.Prescott,DAL,241,60.09516123828256,65.0895043310708,0.121347584,0.024301265391428892,0.0970463186085711,0.0165975103734439,0.0414937759336099,7.562231759656652,5.3642383,0.0621468926553672,4.9878936,0.1779661016949152,0.41715796222381707,0.6481591717801123,0.4208732999774011,0.0
2021,D.Prescott,DAL,651,65.0895043310708,50.2916238301299,0.17229256,0.08184217037146738,0.09045038962853263,0.0153609831029185,0.0460829493087557,7.335974643423138,4.912195,0.046742209631728,5.0675673,0.160056657223796,1.0209672021028027,0.7618014651212841,0.012401253061810998,0.0
2022,D.Prescott,DAL,429,50.2916238301299,75.1384811707419,0.07931487,0.06553763431908993,0.013777235680910063,0.0349650349650349,0.0466200466200466,7.785024154589372,4.643678,0.045,4.6957746,0.1666666666666666,0.45894372267053524,-1.3016881774603444,0.5000894382639733,0.0
2023,D.Prescott,DAL,658,75.1384811707419,37.400891950670996,0.20698561,0.03859893397406825,0.16838667602593174,0.0136778115501519,0.0592705167173252,7.256735340729001,4.787805,0.0584795321637426,4.7733645,0.0643274853801169,1.5723667109526742,0.6607078013187667,0.0417847706268574,0.0
2024,D.Prescott,DAL,313,37.400891950670996,63.71187408288241,-0.054609317,0.06271484385799458,-0.11732416085799457,0.0255591054313099,0.0670926517571885,7.390879478827362,5.0756755,0.0553129548762736,5.1005025,0.1033478893740902,-0.6096912679408705,-0.4378416758004288,0.19231715221041562,0.0
2025,D.Prescott,DAL,656,63.71187408288241,,0.1720386,0.08863928122490904,0.08339931877509098,0.0152439024390243,0.0472560975609756,7.6380952380952385,5.0024753,0.0453879941434846,5.0095468,0.1156661786237188,1.016127510888924,0.6286861555057482,0.5057744121688348,0.0
2023,D.Ridder,ATL,439,42.36586484021174,,-0.06653593,0.03254402161114972,-0.09907995161114971,0.0273348519362186,0.0706150341685649,7.578571428571428,4.9076304,0.0664451827242525,5.4097857,0.1910299003322259,-0.3568519155571457,-0.4024021625502731,0.3966442923888852,0.0
2018,D.Watson,HOU,620,63.94691872071243,63.86623000381588,0.111722715,-0.07962670063639471,0.1913494156363947,0.014516129032258,0.1,7.685053380782918,5.0811596,0.0998389694041868,5.0811596,0.0611916264090177,0.3986986052224058,-0.10113287898553103,0.12108478250533147,0.0
2019,D.Watson,HOU,581,63.86623000381588,71.7738945321294,0.15258642,-0.002168353258159207,0.1547547732581592,0.0206540447504302,0.0757314974182444,8.215613382899628,5.021021,0.0777777777777777,5.092958,0.0285714285714285,0.7914924503437953,-0.2720641831572177,0.657502276802944,0.0
2020,D.Watson,HOU,657,71.7738945321294,30.3171156076099,0.21538043,-0.007242250852574322,0.22262268085257433,0.0106544901065449,0.0745814307458143,8.13781512605042,5.102094,0.0757575757575757,5.0939946,0.1212121212121212,1.073463276742962,0.4601108196830955,1.0584038613359914,0.0
2022,D.Watson,CLE,200,30.3171156076099,41.798984638383985,-0.10266553,-0.014023498860654196,-0.08864203113934581,0.025,0.1,6.462765957446808,5.353535,0.0715447154471544,4.7552238,0.1317073170731707,-1.1073646817469833,-1.3080006853006907,-0.8019910188262891,0.0
2023,D.Watson,CLE,204,41.798984638383985,28.063352609788307,-0.09589737,0.043127193671160594,-0.1390245636711606,0.0196078431372549,0.0833333333333333,8.518716577540108,4.752381,0.0646551724137931,5.2197185,0.0689655172413793,-0.5551375104034565,-0.09625158678272078,1.3541081592157107,0.0
2024,D.Watson,CLE,271,28.063352609788307,,-0.20652537,-0.09103853483135596,-0.11548683516864405,0.011070110701107,0.1217712177121771,6.276,4.3357663,0.0857142857142857,4.3316455,0.1805194805194805,-1.7134336537864243,-0.42064550114446175,-0.9589718758330862,0.0
2018,E.Manning,NYG,631,47.1018152287257,41.11829662695591,0.036256082,0.04022539412900722,-0.003969312129007217,0.0174326465927099,0.0744849445324881,6.74481658692185,5.6894736,0.073667711598746,5.7591624,0.1003134796238244,-0.12753171425913612,0.11777625408383924,-0.7302991465850489,0.0
2019,E.Manning,NYG,153,41.11829662695591,,-0.04374758,0.01866493149452291,-0.06241251149452291,0.0326797385620915,0.0326797385620915,7.888157894736842,4.5824175,0.063049853372434,4.805851,0.1173020527859237,-0.6869397911916254,-0.23578833244226982,0.2396837674353403,0.0
2023,E.Stick,LAC,196,38.45350281858761,,-0.13072865,0.04803198100327157,-0.17876063100327158,0.0051020408163265,0.0714285714285714,6.438502673796791,5.207207,0.0601398601398601,5.2811737,0.1748251748251748,-0.7335434374299485,1.0306941475634723,-0.7469895870583202,0.0
2019,G.Minshew,JAX,225,46.85952737648854,51.02371272526325,-0.005238696,0.052974760581441176,-0.05821345658144118,0.0088888888888888,0.0622222222222222,7.598086124401914,5.330645,0.0608695652173913,5.197802,0.0797101449275362,-0.36439352920731294,0.7478792185345464,0.05073370209157447,0.0
2023,G.Minshew,IND,548,51.02371272526325,27.90441545339828,-0.0010819974,0.039412526083921894,-0.04049452348392189,0.0164233576642335,0.0620437956204379,6.791271347248577,5.134426,0.0632716049382716,5.247887,0.1466049382716049,0.1358100020835316,0.43938232486325157,-0.38999801943196144,0.0
2024,G.Minshew,LV,344,27.90441545339828,,-0.12015997,0.0025945546284461447,-0.12275452462844615,0.0290697674418604,0.0843023255813953,5.54954954954955,5.413793,0.0711237553342816,5.0268292,0.1337126600284495,-1.1046746834273002,-0.9999115211005009,-1.4893613810075148,0.0
2019,G.Minshew II,JAX,332,43.16107307260259,55.633384125732825,-0.010483671,0.052974760581441176,-0.06345843158144118,0.0120481927710843,0.0572289156626506,6.322147651006712,5.3975153,0.0608695652173913,5.197802,0.0797101449275362,-0.40641124838868803,0.6375583055731097,-1.294276154167962,0.0
2020,G.Minshew II,JAX,254,55.633384125732825,,0.060449824,-0.0019765780349473364,0.062426402034947336,0.0078740157480314,0.0669291338582677,7.345833333333333,4.8248177,0.063400576368876,4.382429,0.0806916426512968,-0.04646110588380977,0.8885068559798175,0.06741682464415705,0.0
2022,G.Smith,SEA,652,56.99700010422454,58.065736308479586,0.03852744,-0.035153863866956105,0.07368130386695611,0.0168711656441717,0.0705521472392638,6.964458804523425,4.461153,0.0704441041347626,4.461153,0.1944869831546707,0.1407550434072814,0.19197018719067738,-0.4080450612695529,0.0
2023,G.Smith,SEA,548,58.065736308479586,50.52082960032722,0.07723233,0.06139217166511586,0.01584015833488414,0.0164233576642335,0.0565693430656934,6.628787878787879,5.3065014,0.0598425196850393,5.4420485,0.1496062992125984,0.6803419411262717,0.523871237852854,-0.532723163983333,0.0
2024,G.Smith,SEA,653,50.52082960032722,29.684817060808278,0.032246504,-0.031632168412539984,0.06387867241253999,0.0229709035222052,0.0765696784073506,6.356120826709062,5.240786,0.0802377414561664,5.181598,0.2362555720653789,-0.010615719631160352,-0.4294519205191186,-0.7562310012633001,0.0
2025,G.Smith,LV,521,29.684817060808278,,-0.12966287,-0.09601428141290466,-0.03364858858709535,0.0326295585412667,0.1055662188099808,5.493041749502982,5.6721854,0.1066666666666666,5.3117647,0.1166666666666666,-1.2642150158513887,-1.660024630396189,-1.6370101042696106,0.0
2018,J.Allen,BUF,395,45.27196596879382,43.099377873391745,-0.022531874,0.013338566486548964,-0.035870440486548964,0.030379746835443,0.070886075949367,10.083333333333334,5.4345236,0.0686767169179229,5.014815,0.1072026800670016,-0.5972893434459019,-0.7690743515294737,2.5792822008716945,0.0
2019,J.Allen,BUF,440,43.099377873391745,74.1729567190004,-0.03586118,0.010409244542584732,-0.04627042454258473,0.0204545454545454,0.0795454545454545,8.428927680798004,4.9439254,0.0672268907563025,5.026756,0.173109243697479,-0.6670020064177976,-0.33147745164496695,0.8718588471241858,0.0
2020,J.Allen,BUF,628,74.1729567190004,63.488624165208165,0.28654373,0.09112804453246764,0.19541568546753235,0.0159235668789808,0.0414012738853503,8.108514190317194,4.7247477,0.0413476263399693,4.746341,0.0826952526799387,1.6362581848634454,0.7126568821260173,0.9562788921440194,0.0
2021,J.Allen,BUF,675,63.488624165208165,77.44581277099454,0.15192443,0.06958211136591137,0.08234231863408863,0.0222222222222222,0.0385185185185185,7.748019017432647,4.2679043,0.0368349249658935,4.221687,0.1336971350613915,0.87227283481885,0.458137282240749,0.47899987434452407,0.0
2022,J.Allen,BUF,651,77.44581277099454,65.80933413219677,0.21747623,0.039138002389850934,0.17833822761014906,0.021505376344086,0.0506912442396313,8.715,4.4233985,0.0501519756838905,4.4127426,0.1139817629179331,1.638527794952633,0.09256074697932076,1.4606912478212293,0.0
2023,J.Allen,BUF,652,65.80933413219677,73.73018439344293,0.16673814,0.117480183856462,0.049257956143538006,0.0276073619631901,0.0368098159509202,8.312913907284768,5.1246753,0.0368098159509202,5.1246753,0.1625766871165644,1.2912240711333212,0.10160467066013329,1.1975082164414583,0.0
2024,J.Allen,BUF,541,73.73018439344293,58.625599720620464,0.30517513,0.259255082859244,0.04592004714075604,0.011090573012939,0.0258780036968576,8.092555331991951,6.5081434,0.0241796200345423,6.6231003,0.0466321243523316,2.009320135097638,1.3343924344054958,1.0531041541789874,0.0
2025,J.Allen,BUF,554,58.625599720620464,,0.1611285,0.07624805046935182,0.08488044953064819,0.0180505415162454,0.0722021660649819,6.638339920948616,5.9467087,0.0674536256323777,5.9098835,0.0455311973018549,0.8912546584828376,-0.035467631849726344,-0.3935553487299905,0.0
2019,J.Brissett,IND,504,46.89583662210229,39.942184843925794,0.017629847,0.08933098810487936,-0.07170114110487935,0.0119047619047619,0.0535714285714285,7.510593220338983,5.584559,0.0553633217993079,5.4592834,0.0536332179930795,-0.1830022007084076,0.7162611986003753,-0.0017592888523337072,0.0
2021,J.Brissett,MIA,257,39.942184843925794,65.30517476993752,-0.08368136,0.005632673689381435,-0.08931403368938143,0.0155642023346303,0.0739299610894941,6.979508196721311,3.6028368,0.0581395348837209,4.3044553,0.1220930232558139,-0.7886984779895011,0.07704299426517675,-0.8055056372971818,0.0
2022,J.Brissett,CLE,414,65.30517476993752,32.407427511467716,0.075824134,-0.014023498860654196,0.0898476328606542,0.0144927536231884,0.0579710144927536,8.235294117647058,4.504237,0.0715447154471544,4.7552238,0.1317073170731707,0.48013545517911593,0.7126058770472645,0.959920469712422,0.0
2024,J.Brissett,NE,188,32.407427511467716,49.17245403532102,-0.1669037,-0.030760013939756352,-0.13614368606024363,0.0053191489361702,0.0957446808510638,6.106145251396648,4.5578947,0.081377151799687,4.9590645,0.1001564945226917,-1.3790112030520758,0.46044186105201224,-1.087201085281797,0.0
2025,J.Brissett,ARI,552,49.17245403532102,,-0.0011176191,-0.027494652694928866,0.026377033594928864,0.0144927536231884,0.0778985507246376,6.975471698113208,4.9428573,0.0788770053475935,4.943794,0.1323529411764706,-0.2564934414861037,0.09844904260853649,-0.19804240815443372,0.0
2023,J.Browning,CIN,284,57.7468521681826,,0.11950204,0.046455092905064096,0.07304694709493591,0.0246478873239436,0.0845070422535211,5.798507462686567,6.48538,0.0719424460431654,5.6380954,0.0417266187050359,0.9031356426372192,-0.44208636041265875,-1.2151119596795998,0.0
2020,J.Burrow,CIN,449,56.14654888596526,62.19538640150286,0.06838108,-0.005411453454221664,0.07379253345422165,0.0111358574610244,0.0712694877505567,7.919168591224018,4.3257575,0.073959938366718,4.8172045,0.0292758089368258,-0.005359607331762655,0.4894486367842976,0.660026397009497,0.0
2021,J.Burrow,CIN,591,62.19538640150286,64.61041026330346,0.17148913,0.031732001116851344,0.13975712888314865,0.0236886632825719,0.0862944162436548,7.4028021015761825,6.1502733,0.0873015873015873,6.3046875,0.0587301587301587,0.9295667541069919,-0.7958104299083734,0.38600352543766714,0.0
2022,J.Burrow,CIN,678,64.61041026330346,50.58740931979098,0.14917688,0.04203558397338453,0.10714129602661548,0.0176991150442477,0.0604719764011799,6.362519201228879,5.152174,0.0642335766423357,5.1363635,0.0510948905109489,1.0698695273388572,0.3088983704492514,-0.9417018422434236,0.0
2023,J.Burrow,CIN,402,50.58740931979098,66.37104842699709,0.008592711,0.046455092905064096,-0.037862381905064094,0.0149253731343283,0.0597014925373134,6.048969072164948,5.077869,0.0719424460431654,5.6380954,0.0417266187050359,0.2099507201163927,0.5729357839128605,-1.1740349192589004,0.0
2024,J.Burrow,CIN,723,66.37104842699709,52.91278633189188,0.16513486,0.01534563565457226,0.14978922434542774,0.0124481327800829,0.0663900414937759,6.582025677603424,4.7652173,0.0663900414937759,4.7652173,0.0387275242047026,0.9640617192617205,0.49688100674411145,-0.6110648552478846,0.0
2025,J.Burrow,CIN,286,52.91278633189188,,0.084860094,0.05844270638826103,0.026417387611738966,0.0174825174825174,0.0594405594405594,6.719424460431655,4.728324,0.0520984081041968,4.686893,0.0347322720694645,0.372783760972223,0.24527087871298817,-0.5001111578312107,0.0
2024,J.Daniels,WAS,600,71.82920442705844,53.27117950777587,0.17752486,-0.07367108458091906,0.2511959445809191,0.015,0.0783333333333333,6.721590909090909,5.3776436,0.0766871165644171,5.169863,0.6533742331288344,1.0242781937455763,0.09868987642961727,-0.3937149145993556,0.0
2025,J.Daniels,WAS,242,53.27117950777587,,0.019250583,-0.05084561669114509,0.07009619969114508,0.012396694214876,0.0743801652892562,6.813725490196078,5.0614033,0.0652557319223985,4.979094,0.6843033509700176,-0.1004793529130306,0.3077617035747864,-0.3489203043407955,0.0
2025,J.Dart,NYG,413,53.75356176073307,,0.049820144,0.001664632938749612,0.048155511061250385,0.0121065375302663,0.0847457627118644,7.394666666666667,5.375,0.0765550239234449,5.470588,0.1993620414673046,0.10058975111649816,0.1308480945173408,0.3092178511282686,0.0
2023,J.Dobbs,ARI,484,40.96465216460112,,-0.11528222,0.0008241722361489318,-0.11610639223614894,0.0206611570247933,0.0619834710743801,7.377777777777778,3.8282442,0.0661417322834645,4.7014084,0.1307086614173228,-0.6580926139956511,0.1647574168534064,0.01787925252400964,0.0
2018,J.Driskel,CIN,206,41.42360186501808,,-0.035686772,0.04479627872855599,-0.080483050728556,0.0097087378640776,0.0776699029126213,7.066666666666666,4.8190475,0.0613598673300165,4.978852,0.033167495854063,-0.6420704354771829,0.6292573923641535,-0.5384735358636513,0.0
2021,J.Fields,CHI,349,38.55404387576505,42.51676789788247,-0.12311369,-0.06327817545206249,-0.05983551454793751,0.0286532951289398,0.1031518624641833,8.700657894736842,4.2955976,0.0880121396054628,4.8192773,0.1213960546282245,-1.1434721670137302,-1.5531140696487444,1.8944632432902255,0.0
2022,J.Fields,CHI,443,42.51676789788247,46.981097602111,-0.072214104,-0.12577586662996007,0.05356176262996007,0.0248306997742663,0.1241534988713318,7.663129973474801,4.9427085,0.1139489194499017,5.116592,0.074656188605108,-0.9000968332629603,-1.7874623413192,0.41758125861194634,0.0
2023,J.Fields,CHI,459,46.981097602111,61.7886828424937,-0.03975711,-0.0021016128308315937,-0.037655497169168405,0.0196078431372549,0.0958605664488017,7.117788461538462,5.3920703,0.0805152979066022,5.364486,0.0789049919484702,-0.190046842373439,-0.2895882351706936,-0.008661755217194872,0.0
2024,J.Fields,PIT,196,61.7886828424937,48.399354293612426,0.06438353,-0.051399375278994915,0.1157829052789949,0.0051020408163265,0.0816326530612244,7.073446327683616,4.943396,0.083617747440273,5.1464176,0.2883959044368601,0.25841056124983725,0.734197183916774,-0.12443944215976425,0.0
2025,J.Fields,NYJ,261,48.399354293612426,,-0.04632338,-0.11546131633067672,0.06913793633067672,0.003831417624521,0.1034482758620689,5.918454935622318,4.4921875,0.097879282218597,4.439597,0.1060358890701468,-0.5854707843426373,0.33887306355970903,-1.3766670583061031,0.0
2018,J.Flacco,BAL,398,52.451908705177146,32.29060518712803,0.0353317,0.04981241027001436,-0.014480710270014359,0.0150753768844221,0.0402010050251256,8.215736040609137,4.418103,0.0526315789473684,4.679641,0.0855263157894736,-0.07058015456356152,0.8713871661056096,0.5535250473048986,0.0
2019,J.Flacco,DEN,293,32.29060518712803,32.89326968174979,-0.083160944,0.030525308391289814,-0.11368625239128982,0.0170648464163822,0.0887372013651877,6.170138888888889,5.3040934,0.0724381625441696,5.451923,0.0706713780918728,-1.0364454456662404,-0.28585925180529836,-1.470672308043811,0.0
2022,J.Flacco,NYJ,202,32.89326968174979,46.09559978833337,-0.14218424,0.04720456924594647,-0.18938880924594648,0.0148514851485148,0.0495049504950495,7.646766169154229,3.990909,0.0610465116279069,5.162465,0.1046511627906976,-1.3049695945511652,0.8477820847102374,0.24715159275991577,0.0
2023,J.Flacco,CLE,213,46.09559978833337,46.39790173574795,-0.05023653,0.043127193671160594,-0.0933637236711606,0.0375586854460093,0.0375586854460093,8.967136150234742,5.512195,0.0646551724137931,5.2197185,0.0689655172413793,-0.2239461840486652,-0.5570212627883983,1.94140723814927,0.0
2024,J.Flacco,IND,270,46.39790173574795,34.44199101247925,0.011493588,0.054470624486278485,-0.042977036486278486,0.0259259259259259,0.0666666666666666,8.295880149812733,4.0185184,0.0562390158172231,5.0415225,0.117750439367311,-0.1486388307724816,-0.4558306258357682,0.8933345850454102,0.0
2025,J.Flacco,CIN,436,34.44199101247925,,-0.10132766,0.05844270638826103,-0.15977036638826103,0.0229357798165137,0.0412844036697247,7.055555555555555,4.573705,0.0520984081041968,4.686893,0.0347322720694645,-0.9335970821140934,0.21881062815384167,-0.17214470042480284,0.0
2019,J.Garoppolo,SF,526,52.78749661154658,48.32018969691087,0.15856068,0.11468080062394004,0.04387987937605997,0.0247148288973384,0.0684410646387832,6.046692607003891,6.56231,0.0680529300567107,6.6223564,0.0472589792060491,0.8369922625423589,-0.3973135654335405,-1.4013066050390064,0.0
2020,J.Garoppolo,SF,155,48.32018969691087,56.10970166207359,0.16575904,0.09953601306069892,0.06622302693930107,0.032258064516129,0.0709677419354838,5.821192052980132,7.5957446,0.0630048465266559,6.1832886,0.1001615508885298,0.6468325566874922,-1.460536489657931,-1.2510118377455066,0.0
2021,J.Garoppolo,SF,475,56.10970166207359,65.19928316092674,0.16124946,0.13975685106699123,0.021492608933008778,0.0252631578947368,0.0610526315789473,7.051172707889126,6.5049834,0.0585106382978723,6.548105,0.0638297872340425,0.8931917407102768,-0.2996279591741342,-0.05547828892785418,0.0
2022,J.Garoppolo,SF,329,65.19928316092674,35.8044094644797,0.18695128,0.15552219464486425,0.03142908535513575,0.0121580547112462,0.0547112462006079,6.515337423312883,6.9710145,0.0557553956834532,6.6153846,0.0413669064748201,1.4115460665614963,1.036230484029593,-0.48584364276822306,0.0
2023,J.Garoppolo,LV,191,35.8044094644797,,-0.08668218,0.0033097917047566275,-0.08999197170475662,0.0471204188481675,0.0732984293193717,7.46448087431694,4.2545457,0.066006600660066,4.6149426,0.0759075907590759,-0.5558537219866478,-1.730339688855337,0.1751995415299187,0.0
2018,J.Goff,LA,615,64.8658895045119,49.002927804597135,0.19755617,0.1023600189006752,0.0951961510993248,0.0195121951219512,0.0536585365853658,8.176470588235293,5.8434067,0.0530546623794212,5.883152,0.2009646302250803,1.095752959277926,0.3184967005057458,0.7285473421488212,0.0
2019,J.Goff,LA,659,49.002927804597135,38.529312929759755,0.09499713,0.16149437357176105,-0.06649724357176105,0.0242792109256449,0.0333839150227617,7.459167950693375,5.6954317,0.0330827067669172,5.717884,0.1789473684210526,0.40823035549172626,0.29609840770712753,-0.03872782530028671,0.0
2020,J.Goff,LA,596,38.529312929759755,37.34080825486909,0.018646268,0.13659151913209217,-0.11794525113209217,0.0218120805369127,0.0385906040268456,6.235191637630662,5.8054056,0.0391849529780564,5.716837,0.2163009404388714,-0.3507388382222515,0.22989735579983298,-1.0780962449456974,0.0
2021,J.Goff,DET,540,37.34080825486909,62.6666130719356,-0.06008722,0.07137406032369001,-0.13146128032369,0.0148148148148148,0.0648148148148148,5.954631379962192,5.253012,0.0559875583203732,5.2550507,0.0870917573872472,-0.6097164202948049,0.34953060427730454,-1.9555050169570545,0.0
2022,J.Goff,DET,625,62.6666130719356,57.95754906897836,0.15671141,0.17191682569635217,-0.01520541569635217,0.0112,0.0368,6.768852459016394,5.9450264,0.0382775119617224,5.929504,0.0574162679425837,1.1983881056200736,1.5107854145112372,-0.37915562924508184,0.0
2023,J.Goff,DET,643,57.95754906897836,68.12547326111911,0.10457313,0.10153835524257032,0.0030347747574296785,0.0186625194401244,0.046656298600311,6.389937106918239,5.275184,0.0480620155038759,5.2843137,0.0682170542635658,0.8762869680471477,0.5312645052431652,-0.7870579048632238,0.0
2024,J.Goff,DET,582,68.12547326111911,59.969676815888604,0.2782302,0.14802709689535254,0.13020310310464744,0.0206185567010309,0.0532646048109965,6.001760563380282,6.523077,0.0552763819095477,6.461153,0.0435510887772194,1.750132416907484,0.16282445492979802,-0.9083911645821644,0.0
2025,J.Goff,DET,619,59.969676815888604,,0.17668878,0.10091272422688063,0.07577605577311936,0.0129240710823909,0.061389337641357,6.0537459283387625,6.13486,0.0625,6.1192894,0.0737179487179487,1.0336544819462983,0.5183446822524405,-0.9766452277170226,0.0
2020,J.Herbert,LAC,651,55.29617866177534,60.947909551639746,0.14028646,0.11248471181392053,0.027801748186079472,0.0153609831029185,0.0491551459293394,6.977635782747604,5.6060605,0.049490538573508,5.5786924,0.0771470160116448,0.5478133238807222,0.591687944842748,-0.23099579853106492,0.0
2021,J.Herbert,LAC,745,60.947909551639746,48.66343219668468,0.17125016,0.1289388104402326,0.042311349559767425,0.0201342281879194,0.0416107382550335,7.133991537376587,5.4243793,0.0414438502673796,5.4243793,0.0868983957219251,1.0068882053176127,0.5315240202630432,-0.17275164226471448,0.0
2022,J.Herbert,LAC,758,48.66343219668468,58.194721115422844,0.027061347,0.08855684055178531,-0.06149549355178531,0.0131926121372031,0.050131926121372,6.119565217391305,5.188679,0.0504527813712807,5.23299,0.0853816300129366,0.09663864367099197,1.0170382938676559,-1.196037212958802,0.0
2023,J.Herbert,LAC,517,58.194721115422844,68.76269776605695,0.05142332,0.04803198100327157,0.0033913389967284296,0.0135396518375241,0.0560928433268858,7.181069958847736,5.23569,0.0601398601398601,5.2811737,0.1748251748251748,0.5126920836747335,0.7187334213030886,0.03292645687030907,0.0
2024,J.Herbert,LAC,576,68.76269776605695,54.01362052663068,0.13460118,0.00038374710631672304,0.13421743289368326,0.0052083333333333,0.0711805555555555,7.955963302752294,5.045181,0.0749574105621805,5.032738,0.0545144804088586,0.764705320902949,0.9181747342323735,0.7187276108042128,0.0
2025,J.Herbert,LAC,615,54.01362052663068,,0.05443849,-0.05553199087877272,0.10997048087877272,0.0211382113821138,0.0878048780487804,7.086572438162544,4.8735294,0.0881057268722467,4.80109,0.0499265785609397,0.10180654136918466,-0.5414803354016247,-0.0925048691049302,0.0
2020,J.Hurts,PHI,185,53.420133240831476,58.074826360346684,0.008473513,-0.09784526280934422,0.10631877580934422,0.0216216216216216,0.0702702702702702,8.403726708074535,6.077922,0.0906555090655509,4.4371257,0.1534170153417015,-0.47755883864411447,-0.45962748039494683,1.5485465949453467,0.0
2021,J.Hurts,PHI,509,58.074826360346684,66.35311563770259,0.0846219,0.09311959849845286,-0.00849769849845286,0.0176817288801571,0.0510805500982318,8.457516339869281,5.520755,0.0533562822719449,5.631922,0.153184165232358,0.4016502860971368,0.4771871755715331,1.806635298829008,0.0
2022,J.Hurts,PHI,542,66.35311563770259,62.86125092817683,0.12475499,0.044175639963956875,0.08057935003604312,0.011070110701107,0.070110701107011,7.4649298597194385,5.888889,0.0704,5.865714,0.2016,0.8734442064173777,0.8381702516818713,0.35731373875614764,0.0
2023,J.Hurts,PHI,623,62.86125092817683,70.22378199741877,0.09525928,0.027008746538472798,0.06825053346152721,0.0240770465489566,0.0577849117174959,8.066086956521739,4.8210225,0.0597243491577335,4.8401084,0.1531393568147013,0.7798492995927068,0.007442493481891882,0.8921845414309277,0.0
2024,J.Hurts,PHI,438,70.22378199741877,62.023585483953426,0.16955028,-0.043585515506140086,0.2131357955061401,0.0114155251141552,0.0867579908675799,7.0551378446115285,5.544355,0.0841121495327102,5.181518,0.2299065420560747,0.9659312942655622,0.19640539327250156,-0.05697425486048133,0.0
2025,J.Hurts,PHI,526,62.023585483953426,,0.08267588,-0.014171776633667747,0.09684765663366773,0.0114068441064638,0.0608365019011406,8.378600823045268,4.302721,0.0608695652173913,4.292453,0.2017391304347826,0.3730592518425089,0.6320275152041417,1.1718374639358362,0.0
2023,J.Love,GB,633,65.30784118459955,57.35453954203097,0.13183801,0.09192653011565803,0.039911479884341974,0.0173775671406003,0.0473933649289099,8.042692939244663,5.153226,0.0471698113207547,5.147059,0.1053459119496855,1.0655051665577442,0.6034410378974412,0.9197918787897853,0.0
2024,J.Love,GB,454,57.35453954203097,76.82161083368376,0.13702604,0.17060114522176062,-0.03357510522176063,0.0242290748898678,0.0308370044052863,8.5,6.171642,0.0419047619047619,6.2597404,0.1219047619047619,0.7889844964725174,0.3197697954146359,1.3883570021083946,0.0
2025,J.Love,GB,485,76.82161083368376,,0.26225385,0.07115547495462421,0.1910983750453758,0.0123711340206185,0.0432989690721649,8.396963123644252,5.19244,0.0523465703971119,5.0762196,0.1028880866425992,1.6698941945702137,0.8991505252993116,1.330948463408407,0.0
2025,J.McCarthy,MIN,290,30.745037947821007,,-0.15108532,-0.09674443356796103,-0.054340886432038965,0.0413793103448275,0.093103448275862,7.846153846153846,4.9428573,0.1043478260869565,5.1375837,0.1043478260869565,-1.4221744394140448,-2.0187078424374647,0.7144524500781538,0.0
2018,J.Rosen,ARI,452,10.60631431765568,,-0.3261077,-0.09513851227917858,-0.23096918772082142,0.0309734513274336,0.0995575221238938,7.447488584474886,4.488479,0.0923623445825932,4.4310956,0.0852575488454707,-2.896161872544024,-1.2984570459212388,-0.20630277283561552,0.0
2018,J.Winston,TB,443,62.48046406255389,50.6612107063933,0.13381612,0.01147181942040331,0.1223443005795967,0.0316027088036117,0.0609480812641083,10.03931203931204,3.668033,0.0563186813186813,4.3357844,0.1373626373626373,0.5739941899133328,-0.690178863387446,2.2694159205986555,0.0
2019,J.Winston,TB,707,50.6612107063933,66.08975338910315,0.06782501,0.02780027460669871,0.0400247353933013,0.0424328147100424,0.0664780763790664,9.61572700296736,4.9605265,0.0661040787623066,4.9685864,0.0393811533052039,0.08423315470071174,-1.5100785314535963,2.135462657723952,0.0
2021,J.Winston,NO,189,66.08975338910315,43.00796350276682,0.17640941,0.07876860972809555,0.09764080027190444,0.0158730158730158,0.0582010582010582,7.790697674418604,6.0842104,0.06368330464716,5.757679,0.0550774526678141,1.029260587712227,0.43382684347251677,0.9451898943711378,0.0
2024,J.Winston,CLE,334,43.00796350276682,,-0.067629896,-0.09103853483135596,0.023408638831355966,0.0359281437125748,0.0718562874251497,8.098159509202453,4.226519,0.0857142857142857,4.3316455,0.1805194805194805,-0.7386122100154362,-1.2541605008786372,0.7369444861770346,0.0
2019,K.Allen,CAR,555,39.11579225713255,,-0.041445788,-0.008865152725819607,-0.03258063527418039,0.0288288288288288,0.0828828828828828,7.442164179104478,5.4356437,0.0810055865921787,5.3193717,0.0991620111731843,-0.742535920054689,-0.9383419494037553,-0.09819727941515297,0.0
2018,K.Cousins,MIN,665,42.5425964464361,61.01619793354894,-0.03229738,0.018844594774273974,-0.05114197477427397,0.0150375939849624,0.0601503759398496,6.783950617283951,4.5811763,0.0601503759398496,4.5811763,0.0902255639097744,-0.6045424023311251,0.5360550693751606,-0.8577681756355006,0.0
2019,K.Cousins,MIN,484,61.01619793354894,57.46013266812724,0.16823742,0.10198767848467549,0.0662497415153245,0.012396694214876,0.0578512396694214,7.138947368421053,5.8143325,0.0553359683794466,5.802508,0.108695652173913,0.9690615158679874,0.6031310475883501,-0.36000824232197176,0.0
2020,K.Cousins,MIN,575,57.46013266812724,61.05401260823024,0.16294153,0.05301654346733313,0.10992498653266687,0.0226086956521739,0.0678260869565217,7.353046594982079,5.547278,0.0677083333333333,5.547278,0.0590277777777777,0.6612532872633945,-0.49650790655747334,0.20482594765480003,0.0
2021,K.Cousins,MIN,602,61.05401260823024,53.94389233629479,0.10967493,0.08498263710731413,0.024692292892685874,0.0116279069767441,0.0465116279069767,7.7904599659284495,4.873656,0.0462962962962962,4.8844223,0.0648148148148148,0.5990031019371258,1.015777889310164,0.6762071432372181,0.0
2022,K.Cousins,MIN,702,53.94389233629479,62.73067941718297,0.04081991,-0.0014460485219257788,0.04226595852192578,0.0199430199430199,0.0655270655270655,6.98695652173913,4.6084905,0.0640326975476839,4.691964,0.1989100817438692,0.15831906024104148,-0.04177508442233058,-0.3602809537240974,0.0
2023,K.Cousins,MIN,329,62.73067941718297,43.92692499171735,0.0670983,-0.011120748199541376,0.07821904819954137,0.0151975683890577,0.0516717325227963,6.904907975460123,4.611111,0.0662905500705218,4.542453,0.1495063469675599,0.6220155708491006,0.6791624966444603,-0.3533023757019291,0.0
2024,K.Cousins,ATL,481,43.92692499171735,39.21031746992427,0.033650987,0.07425035553785458,-0.040599368537854584,0.0332640332640332,0.0582120582120582,7.058577405857741,5.567657,0.0536912751677852,5.379121,0.1795302013422818,-0.002290817674523802,-0.816921292061716,-0.05046128314642632,0.0
2025,K.Cousins,ATL,283,39.21031746992427,,-0.023036778,0.12416946603156445,-0.14720624403156446,0.0176678445229682,0.0459363957597173,6.651245551601424,5.9216866,0.0443686006825938,5.6355424,0.1433447098976109,-0.3707853632529763,0.48885716518339534,-0.3839635120386067,0.0
2019,K.Murray,ARI,617,45.67552187719329,53.05685305600566,-0.009909485,-0.031349417180140456,0.021439932180140453,0.019448946515397,0.0777957860615883,6.884550084889644,5.289398,0.0789889415481832,5.2957745,0.3175355450236967,-0.46075405651600826,-0.23301138288402123,-0.7139622346806607,0.0
2020,K.Murray,ARI,629,53.05685305600566,63.22828536403014,0.07748021,0.04462396371093356,0.032856246289066436,0.0190779014308426,0.0429252782193958,7.521588946459413,4.653333,0.044753086419753,4.7932816,0.3811728395061728,0.0839505359867784,0.3864258156872417,0.24578227629579075,0.0
2021,K.Murray,ARI,543,63.22828536403014,50.4354979168319,0.13776085,0.029764679399497077,0.10799617060050291,0.0184162062615101,0.0570902394106814,7.437743190661479,5.3513513,0.0585585585585585,5.4240966,0.4234234234234234,0.7569553351296304,0.2805139326564364,0.26040801186948825,0.0
2022,K.Murray,ARI,443,50.4354979168319,52.204481122480836,-0.004357422,-0.007744577617197997,0.003387155617197997,0.0158013544018058,0.0564334085778781,6.406698564593301,4.8416986,0.0610889774236387,4.752887,0.351925630810093,-0.1834066562591311,0.600595664988593,-0.9442635786369462,0.0
2023,K.Murray,ARI,305,52.204481122480836,55.58928162982386,-0.014792863,0.0008241722361489318,-0.015617035236148932,0.0163934426229508,0.0590163934426229,6.695501730103806,5.5511365,0.0661417322834645,4.7014084,0.1307086614173228,0.04668255816899175,0.48805033166424105,-0.42473422724341575,0.0
2024,K.Murray,ARI,611,55.58928162982386,53.2001593918738,0.111128666,0.09110219292697504,0.020026473073024964,0.0180032733224222,0.0490998363338788,6.478947368421053,5.290323,0.0489396411092985,5.2727275,0.1223491027732463,0.5978438576529077,0.4229952075104825,-0.6338982358689497,0.0
2025,K.Murray,ARI,193,53.2001593918738,,0.07894335,-0.027494652694928866,0.10643800269492887,0.0155440414507772,0.082901554404145,5.31638418079096,4.9545455,0.0788770053475935,4.943794,0.1323529411764706,0.29963773373934954,-0.06796816347869267,-1.9349667484057949,0.0
2022,K.Pickett,PIT,445,50.2179391237051,38.56742100436762,-0.0019503229,-0.017137451165475992,0.015187128265475991,0.0202247191011235,0.0606741573033707,7.091127098321343,4.2530613,0.0591900311526479,3.9505494,0.1152647975077881,-0.1867226220772591,0.02735641694553724,-0.30581478475402724,0.0
2023,K.Pickett,PIT,361,38.56742100436762,,-0.11862172,0.0535329293551005,-0.1721546493551005,0.0110803324099723,0.0637119113573407,6.593659942363113,5.1641793,0.0636042402826855,5.380805,0.0865724381625441,-0.6560244903363324,0.7610591872817952,-0.591700656100993,0.0
2018,L.Jackson,BAL,203,43.729902776384456,87.49875293227802,-0.013412448,0.04981241027001436,-0.06322485827001437,0.0147783251231527,0.0788177339901477,7.93010752688172,5.151515,0.0526315789473684,4.679641,0.0855263157894736,-0.4945590545094524,0.2386650363394119,0.3774130770085225,0.0
2019,L.Jackson,BAL,460,87.49875293227802,63.26461124658776,0.36787125,0.06555458920283277,0.30231666079716724,0.0130434782608695,0.05,8.380614657210401,5.1320753,0.0554455445544554,5.0069203,0.0356435643564356,2.5192413013710477,0.7101118935402189,0.8505129247140591,0.0
2020,L.Jackson,BAL,452,63.26461124658776,57.28210797518211,0.17670608,0.024073775965418896,0.15263230403458108,0.0199115044247787,0.0641592920353982,8.05955334987593,4.789256,0.0658436213991769,4.910506,0.0493827160493827,0.7770960346519072,-0.1647933316669432,0.9095757075137214,0.0
2021,L.Jackson,BAL,470,57.28210797518211,57.375614289379484,0.057100054,-0.049165612238413335,0.10626566623841333,0.0276595744680851,0.0808510638297872,8.394299287410927,4.6747966,0.0767160161507402,4.335859,0.0861372812920592,0.13718841814464466,-0.9459052202495145,1.5253885432723342,0.0
2022,L.Jackson,BAL,378,57.375614289379484,64.32965844826576,0.04996331,-0.0014676988477439687,0.051431008847743966,0.0185185185185185,0.0687830687830687,7.823863636363637,4.7980294,0.0674955595026643,4.5666666,0.0532859680284191,0.23270982803532136,0.047529793768472606,0.5664820790613199,0.0
2023,L.Jackson,BAL,560,64.32965844826576,83.27419333175227,0.10375037,0.054779981224786986,0.04897038877521301,0.0125,0.0660714285714285,7.77327935222672,5.697068,0.0674342105263157,5.570122,0.0625,0.85858485955763,0.6323324871166368,0.723635585922847,0.0
2024,L.Jackson,BAL,539,83.27419333175227,55.99764266628726,0.35136563,0.1876964640801477,0.16366916591985228,0.0074211502782931,0.0426716141001855,8.31174089068826,6.594937,0.0441988950276243,6.5597486,0.0626151012891344,2.3162025707985605,1.2847865988690865,1.271182343415802,0.0
2025,L.Jackson,BAL,368,55.99764266628726,,0.060793675,-0.05230308285847237,0.11309675785847237,0.0190217391304347,0.0978260869565217,7.834319526627219,5.5416665,0.0894632206759443,4.8956833,0.0318091451292246,0.13728842200114774,-0.587642834238469,0.7961846779075298,0.0
2020,M.Glennon,JAX,193,29.628454536177333,0.0,-0.1492334,-0.0019765780349473364,-0.14725682196505266,0.0259067357512953,0.0466321243523316,7.534391534391534,3.6486487,0.063400576368876,4.382429,0.0806916426512968,-1.6133984897893003,-0.328930310848772,0.081840869914275,0.0
2021,M.Glennon,NYG,178,0.0,,-0.44105962,0.0015163353603204685,-0.44257595536032046,0.0561797752808988,0.0505617977528089,6.954022988505747,4.611111,0.0574018126888217,4.6182337,0.3141993957703927,-3.2764239906331754,-2.2359282838229726,-0.6194644304002349,0.0
2021,M.Jones,NE,565,51.62369001853239,37.62364729692042,0.06778135,0.10413416079068907,-0.03635281079068907,0.0230088495575221,0.0495575221238938,7.56,5.0,0.0483592400690846,5.3296704,0.0604490500863557,0.2724292062550024,0.1366994589860106,0.36330520503998054,0.0
2022,M.Jones,NE,498,37.62364729692042,30.910344220488692,-0.0690082,0.026549277060741384,-0.09555747706074139,0.0220883534136546,0.0682730923694779,7.236401673640167,4.96875,0.0678807947019867,5.1312847,0.076158940397351,-0.7607618217999831,-0.3340091919263079,-0.03525438620451481,0.0
2023,M.Jones,NE,380,30.910344220488692,42.20055333875337,-0.1715611,0.00020473543548697043,-0.17176583543548696,0.031578947368421,0.0578947368421052,6.548913043478261,5.392857,0.0765550239234449,5.25641,0.1148325358851674,-1.0685225168504047,-0.482051201701703,-0.6026085027328912,0.0
2024,M.Jones,JAX,293,42.20055333875337,57.28042351947333,-0.0069821468,0.07151152969086448,-0.07849367649086449,0.0273037542662116,0.0477815699658703,6.910394265232975,5.3099413,0.0523731587561374,5.113703,0.11620294599018,-0.25200954655952607,-0.20678943998201071,-0.22593514193613892,0.0
2025,M.Jones,SF,312,57.28042351947333,,0.13041525,0.07602752352634523,0.05438772647365478,0.0192307692307692,0.0512820512820512,6.9868421052631575,4.761194,0.0429252782193958,4.4874372,0.0445151033386327,0.7031660898815864,0.28114021600264316,-0.21468405637152638,0.0
2018,M.Mariota,TEN,408,49.414923789831995,42.510960654657886,0.04500079,-0.026478523682557105,0.07147931368255711,0.0196078431372549,0.1029411764705882,6.727272727272728,5.5526314,0.0905587668593449,5.624573,0.1271676300578034,-0.11635796800118911,-0.5237383945903061,-0.7684766979488103,0.0
2019,M.Mariota,TEN,197,42.510960654657886,52.81953754056363,-0.022953251,-0.049106010270015564,0.026152759270015563,0.0101522842639593,0.1269035532994923,6.1530054644808745,6.357895,0.10586011342155,6.181818,0.1587901701323251,-0.6153483909358775,-0.5613188940169819,-1.3209288694974062,0.0
2022,M.Mariota,ATL,353,52.81953754056363,56.32040582922908,0.002217328,-0.02874642055627276,0.03096374855627276,0.0254957507082152,0.0793201133144475,9.487730061349692,4.9565215,0.0758196721311475,4.8249025,0.1680327868852459,-0.2050913624849477,-0.9360185442219464,2.3739176454072397,0.0
2025,M.Mariota,WAS,262,56.32040582922908,,0.027026918,-0.05084561669114509,0.07787253469114509,0.0267175572519083,0.0610687022900763,9.401639344262296,4.597122,0.0652557319223985,4.979094,0.6843033509700176,-0.06672613510782488,-0.41374217744242364,2.2902861451102865,0.0
2025,M.Penix,ATL,303,50.098345138124564,,0.03453751,0.12416946603156445,-0.08963195603156446,0.0099009900990099,0.0429042904290429,7.931034482758621,5.3493977,0.0443686006825938,5.6355424,0.1433447098976109,0.06476565476556519,1.0746459585978636,0.8673188531214001,0.0
2019,M.Rudolph,PIT,309,30.156123671447165,49.70214412468155,-0.0996489,0.08979906099844275,-0.18944796099844274,0.029126213592233,0.0485436893203883,7.645484949832776,5.306818,0.0569395017793594,5.546032,0.0480427046263345,-1.1335475988866064,-0.3061282071675574,0.09729692646255554,0.0
2024,M.Rudolph,TEN,250,49.70214412468155,,0.016088992,-0.05325758040709561,0.06934657240709562,0.036,0.044,6.881856540084388,4.547945,0.0845528455284552,4.7529764,0.1024390243902439,-0.11062387264244708,-0.7489690168383785,-0.36008266354682916,0.0
2018,M.Ryan,ATL,672,67.8014394701309,52.34136738224474,0.17298909,0.03827188450356616,0.13471720549643385,0.0104166666666666,0.0625,7.940458015267175,5.0545025,0.0616740088105726,5.011682,0.0910425844346549,0.9272268222268458,0.834527300318557,0.3731998420665865,0.0
2019,M.Ryan,ATL,690,52.34136738224474,59.127726357636234,0.0410039,-0.026812577607711975,0.06781647760771198,0.0202898550724637,0.0695652173913043,7.561377245508982,3.985294,0.0657030223390276,4.1372547,0.1064388961892247,-0.056941336674148926,-0.13143344685171898,-0.20268153451193194,0.0
2020,M.Ryan,ATL,685,59.127726357636234,44.41722092732719,0.10119854,-0.011441052986085228,0.11263959298608522,0.0160583941605839,0.0598540145985401,7.985052316890882,4.034398,0.0596797671033478,4.029412,0.0931586608442503,0.23999823961669678,0.2882558812738607,0.6863946798942349,0.0
2021,M.Ryan,ATL,618,44.41722092732719,37.43110712929712,-0.033235855,0.0026006060940353647,-0.03583646109403536,0.0194174757281553,0.0647249190938511,6.6605657237936775,4.592,0.063391442155309,4.596817,0.1410459587955626,-0.4375727026076742,0.02583325122021149,-1.057841072575066,0.0
2022,M.Ryan,IND,512,37.43110712929712,,-0.08497998,-0.08199751999653315,-0.002982460003466844,0.025390625,0.07421875,5.52191235059761,4.5566344,0.0870827285921625,4.5,0.1494920174165457,-0.9150491606903465,-0.8192809967029845,-1.9376502662333541,0.0
2018,M.Stafford,DET,610,42.595358815577555,78.41204656759396,0.0010841838,0.04670484873859061,-0.04562066493859061,0.0180327868852459,0.0655737704918032,6.425460636515913,5.5313354,0.0648734177215189,5.490667,0.1566455696202531,-0.3753526862723698,0.22486549890124075,-1.0743433372923743,0.0
2019,M.Stafford,DET,317,78.41204656759396,58.611357227759655,0.21671389,-0.015203641094641882,0.23191753109464186,0.0157728706624605,0.056782334384858,10.094155844155845,4.7593584,0.0672926447574334,4.4011626,0.0923317683881064,1.3337591124602617,0.4042762636135401,2.611726003425479,0.0
2020,M.Stafford,DET,579,58.611357227759655,65.78405499236683,0.11908417,0.025433241755468395,0.09365092824453161,0.0172711571675302,0.0656303972366148,8.193605683836589,5.1268435,0.0657276995305164,5.037433,0.0985915492957746,0.3584103656908192,0.046964675052906496,1.1291435179342326,0.0
2021,M.Stafford,LA,642,65.78405499236683,38.60376009343363,0.18962951,0.07962660664447474,0.11000290335552526,0.0264797507788162,0.0467289719626168,8.034700315457414,5.257426,0.0477657935285053,5.263547,0.2388289676425269,1.1075383901174323,-0.04094243007235754,1.1226936680719979,0.0
2022,M.Stafford,LA,337,38.60376009343363,58.582848001141805,-0.08265407,-0.07722507849171378,-0.005428991508286213,0.0237388724035608,0.086053412462908,6.105421686746988,5.432039,0.0965630114566284,5.1700287,0.1669394435351882,-0.9120121475157377,-0.8819138334565204,-1.1720895097480846,0.0
2023,M.Stafford,LA,565,58.582848001141805,53.41552697439653,0.0924719,0.09461273884722124,-0.0021408388472212436,0.0194690265486725,0.0530973451327433,7.319419237749546,5.8128834,0.053125,5.66205,0.1609375,0.7812319065273667,0.3794160547742893,0.26781645135616644,0.0
2024,M.Stafford,LA,549,53.41552697439653,71.93694518620212,0.06714515,0.08388383521307993,-0.016738685213079932,0.0145719489981785,0.0510018214936247,7.086080586080586,5.0764704,0.0520134228187919,5.33515,0.1275167785234899,0.2979142804745052,0.6294183047196797,-0.09382700010936217,0.0
2025,M.Stafford,LA,624,71.93694518620212,,0.22313644,0.10420904778937001,0.11892739221062998,0.0128205128205128,0.0368589743589743,8.79740680713128,4.768041,0.0368589743589743,4.768041,0.1057692307692307,1.4016210351991825,0.9907608348671305,1.6839056442629172,0.0
2018,M.Trubisky,CHI,497,63.07471135220642,44.35645945125801,0.15244877,0.03887124903358549,0.11357752096641452,0.0241448692152917,0.0482897384305835,8.370932754880695,4.8581314,0.0562180579216354,4.610465,0.0477001703577512,0.7559972874686467,0.07033288872059987,0.775349830286018,0.0
2019,M.Trubisky,CHI,574,44.35645945125801,54.564425260673936,-0.054553792,-0.048278386059002094,-0.006275405940997902,0.0174216027874564,0.0662020905923344,7.440217391304348,4.303681,0.0695517774343122,4.1455526,0.1792890262751159,-0.778621545332291,0.11854259978982268,-0.28066994734036027,0.0
2020,M.Trubisky,CHI,333,54.564425260673936,53.79784603841774,0.10922876,0.020343891753804712,0.08888486824619528,0.024024024024024,0.054054054054054,7.3575949367088604,5.040201,0.053731343283582,4.278607,0.108955223880597,0.28401649859150235,-0.32019534612537015,0.11980802823947705,0.0
2022,M.Trubisky,PIT,195,53.79784603841774,,0.009375824,-0.017137451165475992,0.02651327516547599,0.0256410256410256,0.0564102564102564,9.18324607329843,3.3162394,0.0591900311526479,3.9505494,0.1152647975077881,-0.1041302483427459,-0.479562727333114,1.784312825157156,0.0
2022,M.White,NYJ,185,41.654745830852924,,-0.04034488,0.04720456924594647,-0.08754944924594647,0.0216216216216216,0.0486486486486486,7.081521739130435,5.514563,0.0610465116279069,5.162465,0.1046511627906976,-0.48624651232473937,0.12191333136429408,-0.11344476393052345,0.0
2018,N.Foles,PHI,205,52.93802697449159,29.901995659632327,0.08355601,0.04817470133227594,0.03538130866772406,0.0195121951219512,0.0439024390243902,6.5073891625615765,5.1702127,0.0610687022900763,5.0971565,0.0671755725190839,0.2669905416308227,0.4838411858875577,-1.0465049299491758,0.0
2020,N.Foles,CHI,333,29.901995659632327,,-0.13401407,0.020343891753804712,-0.15435796175380473,0.024024024024024,0.054054054054054,7.581818181818182,3.4851484,0.053731343283582,4.278607,0.108955223880597,-1.5077380653720955,-0.32019534612537015,0.1090672611866653,0.0
2018,N.Mullens,SF,289,47.77589263915166,32.875616454925954,0.10997544,0.09159306074863238,0.01838237925136761,0.0346020761245674,0.0588235294117647,6.597222222222222,6.931818,0.0804020100502512,6.9969788,0.0770519262981574,0.39154460351673864,-0.8737528791179351,-0.6914325518638806,0.0
2020,N.Mullens,SF,349,32.875616454925954,58.88429837253007,0.009343049,0.09953601306069892,-0.09019296406069892,0.0343839541547277,0.0544412607449856,5.916426512968299,5.85782,0.0630048465266559,6.1832886,0.1001615508885298,-0.48457212098967983,-1.2885628597056613,-1.4477108075404121,0.0
2023,N.Mullens,MIN,164,58.88429837253007,,0.09935593,-0.011120748199541376,0.11047667819954138,0.048780487804878,0.073170731707317,8.679245283018869,4.77,0.0662905500705218,4.542453,0.1495063469675599,0.7131466614820523,-1.8363121387307615,1.5245063156849776,0.0
2018,P.Mahomes,KC,634,77.5223927423173,75.11005656190157,0.3574454,0.21778530649627253,0.1396600935037275,0.0189274447949526,0.0410094637223974,8.671617161716172,6.8224545,0.0408163265306122,6.825974,0.0329670329670329,2.3033368306022908,0.575679735273809,1.372361599928174,0.0
2019,P.Mahomes,KC,525,75.11005656190157,72.87014087148786,0.28106913,0.1675553910450274,0.1135137389549726,0.0095238095238095,0.0323809523809523,8.52788844621514,6.0313478,0.0399361022364217,5.8492064,0.0127795527156549,1.8914605295271008,1.2728458687051887,1.150309020197596,0.0
2020,P.Mahomes,KC,652,72.87014087148786,62.95404107194878,0.29472247,0.18508211350806053,0.10964035649193948,0.00920245398773,0.0337423312883435,8.034313725490197,5.746154,0.0344827586206896,5.845238,0.014367816091954,1.7300664443598377,1.5062544796041086,1.0502098847328392,0.0
2021,P.Mahomes,KC,733,62.95404107194878,74.14192259413531,0.21526575,0.1865624477013766,0.028703302298623418,0.0177353342428376,0.0381991814461118,7.029112081513828,6.169725,0.0372836218375499,6.069196,0.0306258322237017,1.3227656816564597,0.7834896905446234,-0.1625107607870036,0.0
2022,P.Mahomes,KC,723,74.14192259413531,50.773713551133746,0.2911042,0.21804837911136613,0.07305582088863385,0.0165975103734439,0.0359612724757952,6.964549483013294,6.4988503,0.0358126721763085,6.4988503,0.0137741046831955,2.290547042387704,0.935302082736712,-0.0805967885545605,0.0
2023,P.Mahomes,KC,672,50.773713551133746,58.91499864128632,0.09563593,0.19597194715177874,-0.10033601715177874,0.0208333333333333,0.0401785714285714,6.226688102893891,6.3541145,0.0391608391608391,6.349169,0.0335664335664335,0.8188011269777109,0.4900836707646325,-0.7885297551910494,0.0
2024,P.Mahomes,KC,654,58.91499864128632,62.752079061341924,0.15533999,0.097260840926962,0.05807914907303802,0.0168195718654434,0.055045871559633,5.9675850891410045,5.803571,0.0602941176470588,5.7995048,0.0161764705882352,0.9006285703978649,0.39730953693043297,-1.041847653196734,0.0
2025,P.Mahomes,KC,589,62.752079061341924,,0.16841954,0.0691904293813918,0.0992291106186082,0.0186757215619694,0.0577249575551782,7.5418994413407825,6.015873,0.0682148040638606,5.812672,0.0377358490566037,0.9638619197680685,0.19666178266386555,0.564268615572216,0.0
2018,P.Rivers,LAC,552,64.36481981455879,50.19594133244707,0.22665265,0.11452644603901099,0.11212620396098902,0.0217391304347826,0.0579710144927536,7.217550274223035,6.1066284,0.0608228980322003,6.12069,0.0107334525939177,1.2973922051572166,0.08237806120813321,-0.1934826206568987,0.0
2019,P.Rivers,LAC,629,50.19594133244707,54.010767853378546,0.09230018,0.09491896274958353,-0.002618782749583534,0.0317965023847376,0.054054054054054,8.101123595505618,5.523077,0.0535433070866141,5.5152283,0.0818897637795275,0.3281233663262547,-0.5839946217964004,0.6158725886994236,0.0
2020,P.Rivers,IND,562,54.010767853378546,,0.1663784,0.17783809185217703,-0.011459691852177017,0.0195729537366548,0.0338078291814946,6.93048128342246,6.0325203,0.0365853658536585,6.0485177,0.1080139372822299,0.7523503776994436,0.5440891536979008,-0.2110060463249448,0.0
2018,R.Fitzpatrick,TB,284,63.899670039211856,55.94956249986871,0.16946757,0.01147181942040331,0.1579957505795967,0.0422535211267605,0.0492957746478873,9.754789272030653,5.3292685,0.0563186813186813,4.3357844,0.1373626373626373,0.8244920003386489,-1.2724325180516263,2.2339788232215287,0.0
2019,R.Fitzpatrick,MIA,578,55.94956249986871,61.417541872860674,0.04219947,-0.0674764976064689,0.1096759676064689,0.0224913494809688,0.0692041522491349,8.31123388581952,3.9839227,0.0812324929971988,4.2614555,0.0798319327731092,-0.054152426970261874,-0.267473800105127,0.5938123396319518,0.0
2020,R.Fitzpatrick,MIA,297,61.417541872860674,,0.18421137,0.024228551115104028,0.159982818884896,0.0269360269360269,0.0471380471380471,7.375886524822695,4.6666665,0.0542264752791068,4.47027,0.1515151515151515,0.8387588876508266,-0.43557532563446155,0.07494280381158887,0.0
2018,R.Tannehill,MIA,315,24.866906968283896,74.84702697610537,-0.16791527,-0.0481707185505471,-0.1197445514494529,0.0285714285714285,0.1111111111111111,7.237012987012987,5.7727275,0.1005802707930367,5.89726,0.1605415860735009,-1.7354332163093438,-1.3184155229153474,-0.22419140113795033,0.0
2019,R.Tannehill,TEN,330,74.84702697610537,72.73518251752952,0.22408395,-0.049106010270015564,0.2731899602700156,0.0181818181818181,0.0939393939393939,8.695238095238095,6.0895524,0.10586011342155,6.181818,0.1587901701323251,1.319464333124668,-0.4570586920429578,1.3373919716248968,0.0
2020,R.Tannehill,TEN,527,72.73518251752952,53.29724333148114,0.25485635,0.06522444895102461,0.1896319010489754,0.0132827324478178,0.0455407969639468,7.936883629191321,4.853968,0.0469043151969981,4.838608,0.1838649155722326,1.4041904719462663,0.8648943259975974,0.7752806210593152,0.0
2021,R.Tannehill,TEN,597,53.29724333148114,60.13673903244786,0.060109258,-0.024761223895829333,0.08487048189582933,0.0234505862646566,0.0787269681742043,6.840830449826989,4.980392,0.0782029950083194,4.958217,0.1347753743760399,0.1733562097062362,-0.596781111834455,-0.7049733584596332,0.0
2022,R.Tannehill,TEN,371,60.13673903244786,46.3075137220513,0.06782511,-0.03985877781850015,0.10768388781850013,0.0161725067385444,0.0889487870619946,7.072625698324022,5.561321,0.0926275992438563,5.4070177,0.0812854442344045,0.3509836755836207,-0.11064620990831314,-0.11546072067348573,0.0
2023,R.Tannehill,TEN,268,46.3075137220513,,-0.07274859,-0.10639568558478246,0.03364709558478246,0.0261194029850746,0.1194029850746268,6.9884615384615385,5.3355703,0.1111111111111111,5.25,0.0555555555555555,-0.47079714519071125,-1.0763290769684961,-0.1525666998095977,0.0
2018,R.Wilson,SEA,500,72.86427775486804,65.035162347268,0.173469,-0.09783449182160942,0.2713034918216094,0.014,0.102,8.13588110403397,4.946429,0.102,4.946429,0.088,0.8545931864732115,-0.09724323670873647,0.5529173016464186,0.0
2019,R.Wilson,SEA,608,65.035162347268,59.60488489025254,0.121094555,-0.01155927178325139,0.13265382678325138,0.0082236842105263,0.0789473684210526,8.579040852575488,5.052786,0.0788177339901477,5.052786,0.057471264367816,0.5830216454729591,0.4737297818118831,1.0487014733273756,0.0
2020,R.Wilson,SEA,659,59.60488489025254,60.38026842011172,0.13161436,-0.006649494438137969,0.138263854438138,0.0197268588770864,0.0713201820940819,7.935643564356436,4.7578125,0.0721804511278195,4.7448454,0.0526315789473684,0.43365662987244746,-0.3075369171032219,0.7566593223243251,0.0
2021,R.Wilson,SEA,458,60.38026842011172,41.396995516373224,0.03285576,-0.017320639703066687,0.050176399703066685,0.0131004366812227,0.0720524017467248,9.091954022988508,5.3397684,0.0808435852372583,5.3796296,0.1968365553602812,0.025414684806914462,0.29667302593585976,2.7050495113831015,0.0
2022,R.Wilson,DEN,566,41.396995516373224,46.0293097771026,-0.07521824,-0.03169992784140437,-0.04351831215859563,0.019434628975265,0.097173144876325,7.925650557620818,5.890411,0.0950226244343891,5.7594204,0.1131221719457013,-0.856274312726442,-0.6384963597385327,0.8509827052447346,0.0
2023,R.Wilson,DEN,527,46.0293097771026,53.16674084096687,-0.04520986,0.016498935110591275,-0.06170879511059127,0.0151802656546489,0.0853889943074003,6.492871690427698,5.8350167,0.0862354892205638,6.133531,0.1293532338308457,-0.1985490573178672,0.1599186888014392,-0.5918705011813927,0.0
2024,R.Wilson,PIT,388,53.16674084096687,,0.0056367093,-0.051399375278994915,0.057036084578994915,0.0128865979381443,0.0850515463917525,7.25,5.2429905,0.083617747440273,5.1464176,0.2883959044368601,-0.17999995696867543,0.12422892073017644,0.08357865628813374,0.0
2018,S.Darnold,NYJ,459,36.31879908386955,45.639318147597216,-0.050369985,0.0527650699624662,-0.1031350549624662,0.0326797385620915,0.065359477124183,8.63063063063063,5.3472805,0.0637931034482758,5.304348,0.0534482758620689,-0.8015936779319378,-0.8437905731907483,1.1093593621840159,0.0
2019,S.Darnold,NYJ,484,45.639318147597216,22.542438737089235,-0.018950425,-0.03071513500707298,0.011764710007072979,0.0268595041322314,0.0681818181818181,7.905263157894737,5.4139194,0.0890410958904109,5.4272447,0.1113013698630137,-0.5377491918117532,-0.531597798233874,0.39037678460673564,0.0
2020,S.Darnold,NYJ,424,22.542438737089235,29.93356467251483,-0.17575583,0.004551814657047144,-0.18030764465704716,0.025943396226415,0.0825471698113207,7.022613065326633,5.3364058,0.0751748251748251,5.191781,0.0874125874125874,-1.8683734699371928,-1.134039203118951,-0.22561144000573413,0.0
2021,S.Darnold,CAR,465,29.93356467251483,67.68333113113147,-0.14893937,0.0021449870821863247,-0.15108435708218632,0.0279569892473118,0.075268817204301,6.633484162895928,5.6995883,0.0761346998535871,5.261494,0.1127379209370424,-1.276782391954502,-0.832578361824834,-0.852122940415724,0.0
2022,S.Darnold,CAR,156,67.68333113113147,59.434760168009205,0.17924431,0.08481342839242417,0.09443088160757582,0.0192307692307692,0.0641025641025641,7.755102040816326,6.4512196,0.0705882352941176,6.4194756,0.1254901960784313,1.3060295492794174,0.06582120635085496,0.7584205347501657,0.0
2024,S.Darnold,MIN,621,59.434760168009205,55.11082401575332,0.083829984,-0.02494067681131759,0.10877066081131759,0.0193236714975845,0.0772946859903381,7.768971332209106,4.8531857,0.0782747603833865,4.925824,0.1198083067092651,0.3590917709777542,-0.18628930914953115,0.5160642324431043,0.0
2025,S.Darnold,SEA,516,55.11082401575332,,0.13409929,0.09920040195443192,0.034898888045568094,0.0271317829457364,0.0523255813953488,7.45816733067729,5.504644,0.0519230769230769,5.52,0.0923076923076923,0.7042798030315957,-0.2760476438742974,0.39614848601550495,0.0
2023,S.Howell,WAS,711,36.09858792954117,,-0.13269956,-0.038951132973247725,-0.09374842702675226,0.0295358649789029,0.0914205344585091,6.75699558173785,5.203608,0.0881953867028493,5.140049,0.0691994572591587,-0.8480799910548511,-0.86661710247023,-0.41495490884521613,0.0
2024,S.Rattler,NO,264,13.782315662302942,42.24998346049726,-0.27986437,0.06373046624678581,-0.3435948362467858,0.0189393939393939,0.0833333333333333,7.336,4.9384613,0.0598705501618122,5.4,0.1116504854368932,-2.188209003834008,-0.26988009949151304,0.12144632922774692,0.0
2025,S.Rattler,NO,288,42.24998346049726,,-0.09729999,-0.057942899452110515,-0.03935709054788949,0.0173611111111111,0.0625,7.463235294117647,3.689655,0.0730253353204172,4.2720404,0.2220566318926974,-0.9220228648038732,0.19548685487520898,0.11613731373534204,0.0
2025,S.Sanders,CLE,253,14.759112470262828,,-0.23883648,-0.00645853517870628,-0.2323779448212937,0.0395256916996047,0.0909090909090909,6.48936170212766,6.741667,0.079563182527301,5.2972136,0.1076443057722308,-2.0348344402272196,-1.8510034094950825,-0.4247177591858985,0.0
2023,T.Bagent,CHI,160,32.398159126474155,,-0.13923536,-0.0021016128308315937,-0.1371337471691684,0.0375,0.03125,5.463087248322148,5.2978725,0.0805152979066022,5.364486,0.0789049919484702,-0.8233603760531658,-0.4558414522008446,-1.7514024254564442,0.0
2018,T.Brady,NE,595,55.64115898074446,46.93853605179551,0.14948553,0.1704045722601185,-0.02091904226011848,0.0184873949579831,0.0352941176470588,7.605084745762712,5.656,0.0350584307178631,5.7566137,0.0751252086811352,0.7729464428916386,0.7047579174028596,0.12735985404484126,0.0
2019,T.Brady,NE,645,46.93853605179551,63.94495841784295,0.02740094,0.10567265270360762,-0.07827171270360762,0.0124031007751937,0.041860465116279,7.185358255451713,4.994638,0.0428790199081163,5.1137567,0.0934150076569678,-0.08929539718082945,0.9061074249324664,-0.44133443867480315,0.0
2020,T.Brady,TB,633,63.94495841784295,65.96886275728953,0.18685189,0.11265627583115351,0.07419561416884649,0.0189573459715639,0.0331753554502369,8.794912559618442,4.5137157,0.0337423312883435,4.609756,0.0490797546012269,0.9061202124470139,0.6152362585815423,1.7346656735045485,0.0
2021,T.Brady,TB,750,65.96886275728953,53.486176304642164,0.18818134,0.1460884236644136,0.0420929163355864,0.016,0.0293333333333333,7.8432432432432435,5.2247424,0.0301441677588466,5.229675,0.1572739187418086,1.1545189796954567,1.1197793982379474,0.8322025426937407,0.0
2022,T.Brady,TB,762,53.486176304642164,,0.048400268,0.10946095935644268,-0.061060691356442674,0.0118110236220472,0.0288713910761154,6.631926121372032,4.6489797,0.0282051282051282,4.6793585,0.2487179487179487,0.31689483418546227,1.6071712571883356,-0.7340083126680873,0.0
2019,T.Bridgewater,NO,220,49.784665874735126,49.661713767014284,0.09827048,0.13665550937867793,-0.03838502937867794,0.009090909090909,0.0545454545454545,5.826923076923077,5.62406,0.0405844155844155,5.3995214,0.0373376623376623,0.4459463938200463,0.8804177848000064,-1.784340392752336,0.0
2020,T.Bridgewater,CAR,560,49.661713767014284,61.937333079456,0.09535411,0.0828825742617848,0.012471535738215203,0.0196428571428571,0.0553571428571428,6.705544933078394,5.532353,0.0576923076923076,5.439678,0.0352564102564102,0.19326341241220563,0.05657940115110856,-0.567612869088855,0.0
2021,T.Bridgewater,DEN,475,61.937333079456,,0.119416356,0.02175420456388985,0.09766215143611015,0.0147368421052631,0.0652631578947368,7.443478260869565,4.866667,0.0661157024793388,4.9265537,0.0677685950413223,0.6284164831939727,0.3442578345986027,0.16133730203360752,0.0
2023,T.DeVito,NYG,237,34.29041050202136,,-0.2204371,-0.20228673976763104,-0.01815036023236896,0.0126582278481012,0.1561181434599156,5.344186046511628,5.114035,0.1272455089820359,4.736686,0.1616766467065868,-1.4994669019692095,-0.7676747126056381,-1.904366471063213,0.0
2021,T.Heinicke,WAS,572,39.97320886921311,46.47142269374579,-0.052165605,0.03785560960595531,-0.0900212146059553,0.0262237762237762,0.0664335664335664,7.103383458646617,5.4423676,0.0677165354330708,5.325843,0.0787401574803149,-0.590445053431492,-0.49717541377435404,-0.21404098337675667,0.0
2022,T.Heinicke,WAS,289,46.47142269374579,59.759821897044866,-0.040632218,-0.01864670086506451,-0.02198551713493549,0.0207612456747404,0.0657439446366782,7.77536231884058,4.795031,0.0755905511811023,4.8633723,0.1118110236220472,-0.5172553646022875,-0.13610835387285886,0.5140562619767138,0.0
2023,T.Heinicke,ATL,155,59.759821897044866,,0.06507789,0.03254402161114972,0.03253386838885028,0.0258064516129032,0.0516129032258064,8.0,6.864865,0.0664451827242525,5.4097857,0.1910299003322259,0.5777309321095568,-0.009754710337287698,1.1433248424400417,0.0
2020,T.Hill,NO,152,44.452532590696194,39.49612833574675,0.07195533,0.08744094942667896,-0.015485619426678962,0.0131578947368421,0.0921052631578947,6.2444444444444445,4.2272725,0.0508771929824561,5.164865,0.0526315789473684,-0.019826454599596702,-0.1629751208703928,-1.3485188003207045,0.0
2021,T.Hill,NO,157,39.49612833574675,,-0.028708974,0.07876860972809555,-0.10747758372809554,0.0318471337579617,0.0573248407643312,7.028368794326241,6.679487,0.06368330464716,5.757679,0.0550774526678141,-0.4307983531315164,-0.6760230983656176,-0.05049036118126453,0.0
2021,T.Huntley,BAL,230,43.364416486395356,32.234879575243184,-0.068614066,-0.049165612238413335,-0.019448453761586666,0.017391304347826,0.0782608695652174,6.863414634146341,3.6557376,0.0767160161507402,4.335859,0.0861372812920592,-0.6966615821327852,-0.15657254473494736,-0.9655134278426926,0.0
2024,T.Huntley,MIA,164,32.234879575243184,,-0.09984556,0.05195695471031088,-0.15180251471031087,0.0182926829268292,0.0914634146341463,6.953020134228188,4.116279,0.0651515151515151,5.411622,0.0727272727272727,-0.9423661945592493,-0.3733275942073559,-0.35405915318979325,0.0
2021,T.Lawrence,JAX,668,38.0096138185606,64.46386980940932,-0.08968863,0.054503178805862376,-0.14419180880586238,0.0254491017964071,0.0479041916167664,7.449685534591195,4.5515323,0.0477611940298507,4.5429363,0.1134328358208955,-0.8186278234111423,0.003734488099166211,0.1005894884487401,0.0
2022,T.Lawrence,JAX,639,64.46386980940932,51.04313013219726,0.14476174,0.11415462985419514,0.03060711014580486,0.0125195618153364,0.0422535211267605,6.983739837398374,5.2196383,0.0429447852760736,5.1776648,0.053680981595092,1.0850873966706636,1.2534115367185805,-0.2655465506025893,0.0
2023,T.Lawrence,JAX,643,51.04313013219726,48.385569999201024,-0.010166041,0.03652746734019333,-0.04669350834019333,0.0217729393468118,0.0544323483670295,7.662790697674419,4.827027,0.0577464788732394,4.720874,0.076056338028169,0.06990786009369102,0.2090044079758287,0.47196751611806637,0.0
2024,T.Lawrence,JAX,318,48.385569999201024,57.008902049536125,0.009569804,0.07151152969086448,-0.06194172569086448,0.0220125786163522,0.0566037735849056,8.718032786885246,4.918605,0.0523731587561374,5.113703,0.11620294599018,-0.13473452626456422,0.003645018893768198,1.4166044588513154,0.0
2025,T.Lawrence,JAX,643,57.008902049536125,,0.07974416,0.01900410139518763,0.060740058604812366,0.0186625194401244,0.0637636080870917,8.126666666666667,4.7829914,0.0634674922600619,4.7848835,0.0944272445820433,0.3262485713618979,0.08299875025768066,0.9833048494865264,0.0
2025,T.Shough,NO,376,51.079120212027505,,-0.004860278,-0.057942899452110515,0.05308262145211051,0.0159574468085106,0.0824468085106382,7.609550561797753,4.7556562,0.0730253353204172,4.2720404,0.2220566318926974,-0.29449665949976445,-0.08745898617192649,0.4370581252488056,0.0
2021,T.Siemian,NO,204,41.97552029357573,16.567175795548664,-0.04671528,0.07876860972809555,-0.12548388972809554,0.0147058823529411,0.0441176470588235,6.611940298507463,4.6944447,0.06368330464716,5.757679,0.0550774526678141,-0.48530326222786824,0.8554930178029208,-1.107043466976035,0.0
2023,T.Siemian,NYJ,167,16.567175795548664,,-0.3436765,-0.06636538848865489,-0.27731111151134513,0.0239520958083832,0.0479041916167664,5.055900621118012,5.476744,0.0920863309352518,5.005618,0.1237410071942446,-2.2094952433250596,0.16805940696938196,-2.148603667717234,0.0
2020,T.Tagovailoa,MIA,326,41.376374024372936,54.52132760592186,-0.033016413,0.024228551115104028,-0.05724496411510403,0.0153374233128834,0.0613496932515337,7.016129032258065,4.1182795,0.0542264752791068,4.47027,0.1515151515151515,-0.7488827902522981,0.3216579902297671,-0.4505439235424441,0.0
2021,T.Tagovailoa,MIA,427,54.52132760592186,78.74454405758685,0.063503034,0.005632673689381435,0.05787036031061857,0.0234192037470726,0.0468384074941452,6.687041564792176,4.6806083,0.0581395348837209,4.3044553,0.1220930232558139,0.2459067968442875,0.173105199545617,-0.9990103108188337,0.0
2022,T.Tagovailoa,MIA,431,78.74454405758685,65.04414452672115,0.21764323,0.05774165714407492,0.15990157285592507,0.0185614849187935,0.0487238979118329,9.104513064133016,4.918919,0.054858934169279,4.861413,0.0470219435736677,1.6537551623539912,0.45643927904037007,1.9574576510745358,0.0
2023,T.Tagovailoa,MIA,605,65.04414452672115,68.29903908168521,0.17426853,0.11670188297660036,0.05756664702339964,0.0231404958677685,0.0479338842975206,7.271646859083192,5.6082473,0.0505709624796084,5.6666665,0.0554649265905383,1.338555163192366,0.2203740984940044,0.1858734476032965,0.0
2024,T.Tagovailoa,MIA,428,68.29903908168521,40.00699194578952,0.22099315,0.05195695471031088,0.1690361952896891,0.0163551401869158,0.0490654205607476,5.394299287410926,5.8694158,0.0651515151515151,5.411622,0.0727272727272727,1.369715214185783,0.5395084164814086,-1.5709811545705183,0.0
2025,T.Tagovailoa,MIA,426,40.00699194578952,,0.016043603,0.04423606905309337,-0.028192466053093373,0.0352112676056338,0.0704225352112676,6.296385542168674,5.423077,0.0712945590994371,5.590062,0.0544090056285178,-0.1843525349126014,-1.1688996973670056,-0.8342480841087168,0.0
2023,T.Taylor,NYG,218,70.2526875534688,46.333461905699984,0.012547047,-0.20228673976763104,0.21483378676763104,0.0137614678899082,0.0779816513761468,8.03125,4.9827585,0.1272455089820359,4.736686,0.1616766467065868,0.2123031987491042,0.3664934795705642,0.8811395665404852,0.0
2025,T.Taylor,NYJ,169,46.333461905699984,,-0.048091605,-0.11546131633067672,0.06736971133067671,0.029585798816568,0.0828402366863905,7.789115646258503,4.1375,0.097879282218597,4.439597,0.1060358890701468,-0.6416052767953916,-1.0218608819167665,0.5280701706366331,0.0
2023,W.Levis,TEN,291,62.613842007155135,26.994778294278746,-0.019043362,-0.10639568558478246,0.08735232358478245,0.0137457044673539,0.0962199312714776,9.53191489361702,5.0067115,0.1111111111111111,5.25,0.0555555555555555,-0.03191857466276658,0.0860414771784273,2.4520185267532395,0.0
2024,W.Levis,TEN,364,26.994778294278746,,-0.16353877,-0.05325758040709561,-0.1102811895929044,0.0329670329670329,0.1126373626373626,7.619186046511628,4.9105263,0.0845528455284552,4.7529764,0.1024390243902439,-1.4634921032937869,-1.7929474195850075,0.3834691248551193,0.0
2021,Z.Wilson,NYJ,445,23.665480313498037,31.573437466676687,-0.19346371,0.00930704474990323,-0.20277075474990325,0.0247191011235955,0.098876404494382,6.724941724941725,5.056338,0.0779411764705882,5.495798,0.1147058823529411,-1.6109761283087325,-1.1716544780311984,-0.859564213050783,0.0
2022,Z.Wilson,NYJ,278,31.573437466676687,27.780312334970265,-0.10381136,0.04720456924594647,-0.15101592924594648,0.0251798561151079,0.0827338129496402,8.260377358490565,6.1363635,0.0610465116279069,5.162465,0.1046511627906976,-1.0855094677309287,-0.9717174879806514,1.2489814039048663,0.0
2023,Z.Wilson,NYJ,438,27.780312334970265,,-0.24791488,-0.06636538848865489,-0.1815494915113451,0.0159817351598173,0.1050228310502283,6.469733656174334,5.036199,0.0920863309352518,5.005618,0.1237410071942446,-1.6186866948919119,-0.19521059591083573,-0.7411626852564516,0.0
